"Administered","AS","control type","Administered"
"Departmental","AS","control type","Departmental"
"National Partnerships","AS","control type","National Partnerships"
"SPP","AS","control type","SPP"
"Administered Outcome 01","AS","control type","Administered"
"Administered Outcome 02","AS","control type","Administered"
"Administered Outcome 03","AS","control type","Administered"
"Departmental Outcome 01","AS","control type","Departmental"
"Departmental Outcome 02","AS","control type","Departmental"
"Departmental Outcome 03","AS","control type","Departmental"
"Contingency Reserve - Administered","AS","control type","Contingency Reserve"
"Contingency Reserve - Departmental","AS","control type","Contingency Reserve"
"Contingency Reserve","AS","control type","Contingency Reserve"
