"Total movement","AS","flat file","N"
"-","AA","description","No Movement Code"
"-","AA","code and description","No_Mvt"
"-","AS","DR/CR","DR"
"-","AS","legacy description","No Movement Code"
"-","AS","legacy code and description","No_Mvt"
"7100","AS","related entity enabled","Y"
"7100","AA","description","L&B, IP&E, Intangibles"
"7100","AA","code and description","7100 - L&B, IP&E, Intangibles"
"7100","AS","DR/CR","DR"
"7100","AS","legacy description","L&B, IP&E,  Intangibles"
"7100","AS","legacy code and description","7100 - L&B, IP&E,  Intangibles"
"7100","AS","flat file","N"
"3110","AS","related entity enabled","Y"
"3110","AA","description","Total (NFA)"
"3110","AA","code and description","3110 - Total (NFA)"
"3110","AS","DR/CR","DR"
"3110","AS","legacy description","Total (NFA)"
"3110","AS","legacy code and description","3110 - Total (NFA)"
"3110","AS","flat file","N"
"7199","AS","related entity enabled","Y"
"7199","AA","description","Non-Financial Assets - Main Schedule"
"7199","AA","code and description","7199 - Non-Financial Assets - Main Schedule"
"7199","AS","DR/CR","DR"
"7199","AS","legacy description","Non-Financial Assets - Main Schedule"
"7199","AS","legacy code and description","7199 - Non-Financial Assets - Main Schedule"
"7199","AS","flat file","N"
"7110","AS","related entity enabled","Y"
"7110","AA","description","Net Book Value as at 30 June"
"7110","AA","code and description","7110 - Net Book Value as at 30 June"
"7110","AS","DR/CR","DR"
"7110","AS","legacy description","Net Book Value as at 30 June"
"7110","AS","legacy code and description","7110 - Net Book Value as at 30 June"
"7110","AS","flat file","N"
"7120","AS","related entity enabled","Y"
"7120","AA","description","Gross Value"
"7120","AA","code and description","7120 - Gross Value"
"7120","AS","DR/CR","DR"
"7120","AS","legacy description","Gross Value"
"7120","AS","legacy code and description","7120 - Gross Value"
"7120","AS","flat file","N"
"7121","AS","cash flow map","6221201"
"7121","AS","legacy cash flow map","6221201"
"7121","AS","related entity enabled","Y"
"7121","AA","description","Gross Value - Additions - By purchase or internally developed"
"7121","AA","code and description","7121 - Gross Value - Additions - By purchase or internally developed"
"7121","AS","DR/CR","DR"
"7121","AS","legacy description","Gross Value - Additions - New Assets"
"7121","AS","legacy code and description","7121 - Gross Value - Additions - New Assets"
"7122","AS","cash flow map","6800001"
"7122","AS","legacy cash flow map","6800002"
"7122","AA","description","Gross Value - Revaluations"
"7122","AA","code and description","7122 - Gross Value - Revaluations"
"7122","AS","DR/CR","DR"
"7122","AS","legacy description","Gross Value - Revaluations / Fair Value Movements"
"7122","AS","legacy code and description","7122 - Gross Value - Revaluations / Fair Value Movements"
"7124","AS","cash flow map","6800001"
"7124","AS","legacy cash flow map","6221101"
"7124","AA","description","Gross Value - Disposals"
"7124","AA","code and description","7124 - Gross Value - Disposals"
"7124","AS","DR/CR","CR"
"7124","AS","legacy description","Gross Value - Disposals for cash consideration"
"7124","AS","legacy code and description","7124 - Gross Value - Disposals for cash consideration"
"7125","AS","cash flow map","6900002"
"7125","AS","legacy cash flow map","6900003"
"7125","AA","description","Gross Value - Other movements"
"7125","AA","code and description","7125 - Gross Value - Other movements"
"7125","AS","DR/CR","DR"
"7125","AS","legacy description","Gross Value - Other Movements"
"7125","AS","legacy code and description","7125 - Gross Value - Other Movements"
"7126","AS","cash flow map","6800001"
"7126","AS","legacy cash flow map","6221201"
"7126","AA","description","Gross Value - Additions - By donation/gift"
"7126","AA","code and description","7126 - Gross Value - Additions - By donation/gift"
"7126","AS","DR/CR","DR"
"7126","AS","legacy description","Gross Value - Additions - Second Hand Assets"
"7126","AS","legacy code and description","7126 - Gross Value - Additions - Second Hand Assets"
"7127","AS","cash flow map","6232007"
"7127","AS","legacy cash flow map","6231013"
"7127","AS","related entity enabled","Y"
"7127","AA","description","Gross Value - Additions - By Finance Lease"
"7127","AA","code and description","7127 - Gross Value - Additions - By Finance Lease"
"7127","AS","DR/CR","DR"
"7127","AS","legacy description","Gross Value - Acquisition by Finance Lease"
"7127","AS","legacy code and description","7127 - Gross Value - Acquisition by Finance Lease"
"7128","AS","cash flow map","6900002"
"7128","AS","legacy cash flow map","6800003"
"7128","AS","related entity enabled","Y"
"7128","AA","description","Gross Value - From acquisition of entities and operations (incl restructuring)"
"7128","AA","code and description","7128 - Gross Value - From acquisition of entities and operations (incl restructuring)"
"7128","AS","DR/CR","DR"
"7128","AS","legacy description","Gross Value - Assets transferred in/(out) - Restructuring"
"7128","AS","legacy code and description","7128 - Gross Value - Assets transferred in/(out) - Restructuring"
"7129","AS","cash flow map","6900002"
"7129","AS","legacy cash flow map","6900002"
"7129","AA","description","Gross Value - Reclassifications"
"7129","AA","code and description","7129 - Gross Value - Reclassifications"
"7129","AS","DR/CR","DR"
"7129","AS","legacy description","Gross Value - Reclassifications"
"7129","AS","legacy code and description","7129 - Gross Value - Reclassifications"
"7142","AS","cash flow map","6212003"
"7142","AA","description","Gross value - transfers to/(from) inventory"
"7142","AA","code and description","7142 - Gross value - transfers to/(from) inventory"
"7142","AS","DR/CR","DR"
"7130","AS","related entity enabled","Y"
"7130","AA","description","Gross Value - At 1 July"
"7130","AA","code and description","7130 - Gross Value - At 1 July"
"7130","AS","DR/CR","DR"
"7130","AS","legacy description","Gross Value - Adjusted Balance 1 July"
"7130","AS","legacy code and description","7130 - Gross Value - Adjusted Balance 1 July"
"7130","AS","flat file","N"
"7123","AS","cash flow map","6900002"
"7123","AS","legacy cash flow map","6900002"
"7123","AA","description","Gross Value - Changes in accounting policy"
"7123","AA","code and description","7123 - Gross Value - Changes in accounting policy"
"7123","AS","DR/CR","DR"
"7123","AS","legacy description","Gross Value - Changes in accounting policy"
"7123","AS","legacy code and description","7123 - Gross Value - Changes in accounting policy"
"7131","AS","editable","N"
"7131","AS","related entity enabled","Y"
"7131","AA","description","Gross Value as at 30 June"
"7131","AA","code and description","7131 - Gross Value as at 30 June"
"7131","AS","DR/CR","DR"
"7131","AS","legacy description","Gross Value as at 30 June"
"7131","AS","legacy code and description","7131 - Gross Value as at 30 June"
"7131","AS","flat file","N"
"7132","AS","cash flow map","6900002"
"7132","AS","legacy cash flow map","6900002"
"7132","AA","description","Gross Value - Adjustments"
"7132","AA","code and description","7132 - Gross Value - Adjustments"
"7132","AS","DR/CR","DR"
"7132","AS","legacy description","Gross Value - Adjustments"
"7132","AS","legacy code and description","7132 - Gross Value - Adjustments"
"7141","AS","cash flow map","6900002"
"7141","AS","legacy cash flow map","6900002"
"7141","AA","description","Gross Value - Intra-agency program restructures"
"7141","AA","code and description","7141 - Gross Value - Intra-agency program restructures"
"7141","AS","DR/CR","DR"
"7141","AS","legacy description","Gross Value Intra Agency Program"
"7141","AS","legacy code and description","7141 - Gross Value Intra Agency Program"
"7133","AS","cash flow map","6800001"
"7133","AS","legacy cash flow map","6800002"
"7133","AA","description","Gross Value - Impairment losses"
"7133","AA","code and description","7133 - Gross Value - Impairment losses"
"7133","AS","DR/CR","CR"
"7133","AS","legacy description","Gross Value - Impairment losses"
"7133","AS","legacy code and description","7133 - Gross Value - Impairment losses"
"7134","AS","cash flow map","6900002"
"7134","AS","legacy cash flow map","6221101"
"7134","AA","description","Gross Value - From disposal of entities and operations (incl restructuring)"
"7134","AA","code and description","7134 - Gross Value - From disposal of entities and operations (incl restructuring)"
"7134","AS","DR/CR","CR"
"7134","AS","legacy description","Gross Value - Disposals for non-cash consideration"
"7134","AS","legacy code and description","7134 - Gross Value - Disposals for non-cash consideration"
"7135","AS","legacy cash flow map","6900002"
"7135","AA","description","Gross value - Additions through entity acquisitions"
"7135","AA","code and description","7135 - Gross value - Additions through entity acquisitions"
"7135","AS","DR/CR","DR"
"7135","AS","legacy description","Gross value - Additions through entity acquisitions"
"7135","AS","legacy code and description","7135 - Gross value - Additions through entity acquisitions"
"7136","AS","cash flow map","6800001"
"7136","AS","legacy cash flow map","6900001"
"7136","AA","description","Gross Value - Foreign exchange differences"
"7136","AA","code and description","7136 - Gross Value - Foreign exchange differences"
"7136","AS","DR/CR","DR"
"7136","AS","legacy description","Gross Value - Foreign exchange differences"
"7136","AS","legacy code and description","7136 - Gross Value - Foreign exchange differences"
"7137","AS","cash flow map","6800001"
"7137","AS","legacy cash flow map","6800002"
"7137","AA","description","Gross Value - Reversal of impairment losses"
"7137","AA","code and description","7137 - Gross Value - Reversal of impairment losses"
"7137","AS","DR/CR","DR"
"7137","AS","legacy description","Gross Value - Reversal of impairment losses"
"7137","AS","legacy code and description","7137 - Gross Value - Reversal of impairment losses"
"7138","AS","cash flow map","6800001"
"7138","AS","legacy cash flow map","6900002"
"7138","AA","description","Gross Value - Transfers to/from assets held for sale"
"7138","AA","code and description","7138 - Gross Value - Transfers to/from assets held for sale"
"7138","AS","DR/CR","DR"
"7138","AS","legacy description","Gross Value - Transfers to assets held for sale"
"7138","AS","legacy code and description","7138 - Gross Value - Transfers to assets held for sale"
"7139","AS","cash flow map","6800001"
"7139","AS","legacy cash flow map","6800003"
"7139","AA","description","Gross Value - Transfers to investment properties"
"7139","AA","code and description","7139 - Gross Value - Transfers to investment properties"
"7139","AS","DR/CR","DR"
"7139","AS","legacy description","Gross Value - Transfers to investment properties"
"7139","AS","legacy code and description","7139 - Gross Value - Transfers to investment properties"
"7140","AS","legacy cash flow map","6221201"
"7140","AA","description","Gross value - Other acquisitions - internally developed"
"7140","AA","code and description","7140 - Gross value - Other acquisitions - internally developed"
"7140","AS","DR/CR","DR"
"7140","AS","legacy description","Gross value - Other acquisitions - internally developed"
"7140","AS","legacy code and description","7140 - Gross value - Other acquisitions - internally developed"
"7150","AS","related entity enabled","Y"
"7150","AA","description","Accumulated Depreciation/Amortisation"
"7150","AA","code and description","7150 - Accumulated Depreciation/Amortisation"
"7150","AS","DR/CR","CR"
"7150","AS","legacy description","Accumulated Depreciation/Amortisation"
"7150","AS","legacy code and description","7150 - Accumulated Depreciation/Amortisation"
"7150","AS","flat file","N"
"7151","AS","cash flow map","6900002"
"7151","AS","legacy cash flow map","6221101"
"7151","AA","description","Acc Depn/Amt - From disposal of entities and operations (incl restructuring)"
"7151","AA","code and description","7151 - Acc Depn/Amt - From disposal of entities and operations (incl restructuring)"
"7151","AS","DR/CR","DR"
"7151","AS","legacy description","Acc Depn/Amt - Disposals for non-cash consideration"
"7151","AS","legacy code and description","7151 - Acc Depn/Amt - Disposals for non-cash consideration"
"7152","AS","cash flow map","6800001"
"7152","AS","legacy cash flow map","6221101"
"7152","AA","description","Acc Depn/Amt - Disposals"
"7152","AA","code and description","7152 - Acc Depn/Amt - Disposals"
"7152","AS","DR/CR","DR"
"7152","AS","legacy description","Acc Depn/Amt - Disposals for cash consideration"
"7152","AS","legacy code and description","7152 - Acc Depn/Amt - Disposals for cash consideration"
"7153","AS","cash flow map","6800001"
"7153","AS","legacy cash flow map","6800001"
"7153","AA","description","Acc Depn/Amt - Depreciation / amortisation"
"7153","AA","code and description","7153 - Acc Depn/Amt - Depreciation / amortisation"
"7153","AS","DR/CR","CR"
"7153","AS","legacy description","Acc Depn/Amt - Charge for the Year"
"7153","AS","legacy code and description","7153 - Acc Depn/Amt - Charge for the Year"
"7154","AS","cash flow map","6800001"
"7154","AS","legacy cash flow map","6800002"
"7154","AA","description","Acc Depn/Amt - Revaluations"
"7154","AA","code and description","7154 - Acc Depn/Amt - Revaluations"
"7154","AS","DR/CR","CR"
"7154","AS","legacy description","Acc Depn/Amt - Revaluations / Fair Value Movements"
"7154","AS","legacy code and description","7154 - Acc Depn/Amt - Revaluations / Fair Value Movements"
"7156","AS","cash flow map","6900002"
"7156","AS","legacy cash flow map","6900003"
"7156","AA","description","Acc Depn/Amt - Other movements"
"7156","AA","code and description","7156 - Acc Depn/Amt - Other movements"
"7156","AS","DR/CR","CR"
"7156","AS","legacy description","Acc Depn/Amt - Other movements"
"7156","AS","legacy code and description","7156 - Acc Depn/Amt - Other movements"
"7157","AS","cash flow map","6900002"
"7157","AS","legacy cash flow map","6800003"
"7157","AA","description","Acc Depn/Amt - From acquisition of entities and operations (incl restructuring)"
"7157","AA","code and description","7157 - Acc Depn/Amt - From acquisition of entities and operations (incl restructuring)"
"7157","AS","DR/CR","CR"
"7157","AS","legacy description","Acc Depn/Amt - Assets transferred in/(out) - Restructuring"
"7157","AS","legacy code and description","7157 - Acc Depn/Amt - Assets transferred in/(out) - Restructuring"
"7158","AS","cash flow map","6900002"
"7158","AS","legacy cash flow map","6900002"
"7158","AA","description","Acc Depn/Amt - Reclassifications"
"7158","AA","code and description","7158 - Acc Depn/Amt - Reclassifications"
"7158","AS","DR/CR","CR"
"7158","AS","legacy description","Acc Depn/Amt - Reclassifications"
"7158","AS","legacy code and description","7158 - Acc Depn/Amt - Reclassifications"
"7159","AS","cash flow map","6800001"
"7159","AS","legacy cash flow map","6800002"
"7159","AA","description","Acc Depn/Amt - Impairment losses"
"7159","AA","code and description","7159 - Acc Depn/Amt - Impairment losses"
"7159","AS","DR/CR","DR"
"7159","AS","legacy description","Acc Depn/Amt - Impairment losses"
"7159","AS","legacy code and description","7159 - Acc Depn/Amt - Impairment losses"
"7171","AS","cash flow map","6212003"
"7171","AA","description","Acc Depn/Amt - transfers to/(from) inventory"
"7171","AA","code and description","7171 - Acc Depn/Amt - transfers to/(from) inventory"
"7171","AS","DR/CR","CR"
"7160","AS","related entity enabled","Y"
"7160","AA","description","Accumulated Depreciation - At 1 July"
"7160","AA","code and description","7160 - Accumulated Depreciation - At 1 July"
"7160","AS","DR/CR","CR"
"7160","AS","legacy description","Accumulated Depreciation - Balance 1 July"
"7160","AS","legacy code and description","7160 - Accumulated Depreciation - Balance 1 July"
"7160","AS","flat file","N"
"7155","AS","cash flow map","6900002"
"7155","AS","legacy cash flow map","6900003"
"7155","AA","description","Acc Depn/Amt - Changes in accounting policy"
"7155","AA","code and description","7155 - Acc Depn/Amt - Changes in accounting policy"
"7155","AS","DR/CR","CR"
"7155","AS","legacy description","Acc Depn/Amt - Changes in accounting policy"
"7155","AS","legacy code and description","7155 - Acc Depn/Amt - Changes in accounting policy"
"7161","AS","editable","N"
"7161","AA","description","Accumulated Depreciation - Balance 30 June"
"7161","AA","code and description","7161 - Accumulated Depreciation - Balance 30 June"
"7161","AS","DR/CR","CR"
"7161","AS","legacy description","Accumulated Depreciation - Balance 30 June"
"7161","AS","legacy code and description","7161 - Accumulated Depreciation - Balance 30 June"
"7161","AS","flat file","N"
"7162","AS","cash flow map","6900002"
"7162","AS","legacy cash flow map","6900002"
"7162","AA","description","Acc Depn/Amt - Adjustments"
"7162","AA","code and description","7162 - Acc Depn/Amt - Adjustments"
"7162","AS","DR/CR","CR"
"7162","AS","legacy description","Accumulated Depreciation - Adjustments"
"7162","AS","legacy code and description","7162 - Accumulated Depreciation - Adjustments"
"7165","AS","cash flow map","6900002"
"7165","AS","legacy cash flow map","6900002"
"7165","AA","description","Acc Depn/Amt -Intra-agency program restructures"
"7165","AA","code and description","7165 - Acc Depn/Amt -Intra-agency program restructures"
"7165","AS","DR/CR","CR"
"7165","AS","legacy description","Acc Depn/Amt - Intra Agency Program"
"7165","AS","legacy code and description","7165 - Acc Depn/Amt - Intra Agency Program"
"7163","AS","cash flow map","6800001"
"7163","AS","legacy cash flow map","6900001"
"7163","AA","description","Acc Depn/Amt - Foreign exchange differences"
"7163","AA","code and description","7163 - Acc Depn/Amt - Foreign exchange differences"
"7163","AS","DR/CR","CR"
"7163","AS","legacy description","Acc Depn/Amt - Foreign exchange differences"
"7163","AS","legacy code and description","7163 - Acc Depn/Amt - Foreign exchange differences"
"7164","AS","cash flow map","6800001"
"7164","AS","legacy cash flow map","6800002"
"7164","AA","description","Acc Depn/Amt - Reversal of impairment losses"
"7164","AA","code and description","7164 - Acc Depn/Amt - Reversal of impairment losses"
"7164","AS","DR/CR","CR"
"7164","AS","legacy description","Acc Depn/Amt - Reversal of impairment losses"
"7164","AS","legacy code and description","7164 - Acc Depn/Amt - Reversal of impairment losses"
"7166","AS","cash flow map","6800001"
"7166","AA","description","Acc Depn/Amt  Amortisation Other Intangibles"
"7166","AA","code and description","7166 - Acc Depn/Amt  Amortisation Other Intangibles"
"7166","AS","DR/CR","CR"
"7168","AS","cash flow map","6800001"
"7168","AS","legacy cash flow map","6900002"
"7168","AA","description","Acc Depn/Amt - Transfers to/from assets held for sale"
"7168","AA","code and description","7168 - Acc Depn/Amt - Transfers to/from assets held for sale"
"7168","AS","DR/CR","CR"
"7168","AS","legacy description","Acc Depn/Amt - Transfers to/(from) assets held for sale"
"7168","AS","legacy code and description","7168 - Acc Depn/Amt - Transfers to/(from) assets held for sale"
"7169","AS","cash flow map","6800001"
"7169","AS","legacy cash flow map","6800003"
"7169","AA","description","Acc Depn/Amt - Transfers to investment properties"
"7169","AA","code and description","7169 - Acc Depn/Amt - Transfers to investment properties"
"7169","AS","DR/CR","CR"
"7169","AS","legacy description","Acc Depn/Amt - Transfers to investment properties"
"7169","AS","legacy code and description","7169 - Acc Depn/Amt - Transfers to investment properties"
"7170","AS","cash flow map","6212006"
"7170","AA","description","Acc Depn/Amt - Disposals - donation/gift"
"7170","AA","code and description","7170 - Acc Depn/Amt - Disposals - donation/gift"
"7170","AS","DR/CR","DR"
"7320","AA","description","Gross Value - ROU"
"7320","AA","code and description","7320 - Gross Value - ROU"
"7320","AS","DR/CR","DR"
"7320","AS","flat file","N"
"7321","AS","cash flow map","6800001"
"7321","AA","description","Gross Value - ROU - Additions -By purchase or internally dev"
"7321","AA","code and description","7321 - Gross Value - ROU - Additions -By purchase or internally dev"
"7321","AS","DR/CR","DR"
"7322","AS","cash flow map","6800001"
"7322","AA","description","Gross Value - ROU - Revaluations"
"7322","AA","code and description","7322 - Gross Value - ROU - Revaluations"
"7322","AS","DR/CR","DR"
"7324","AS","cash flow map","6800001"
"7324","AA","description","Gross Value - ROU - Disposals"
"7324","AA","code and description","7324 - Gross Value - ROU - Disposals"
"7324","AS","DR/CR","CR"
"7325","AS","cash flow map","6900002"
"7325","AA","description","Gross Value - ROU - Other movements"
"7325","AA","code and description","7325 - Gross Value - ROU - Other movements"
"7325","AS","DR/CR","DR"
"7328","AS","cash flow map","6900002"
"7328","AA","description","Gross Value - ROU - Fm acqustn of ents & ops (incl restruct)"
"7328","AA","code and description","7328 - Gross Value - ROU - Fm acqustn of ents & ops (incl restruct)"
"7328","AS","DR/CR","DR"
"7329","AS","cash flow map","6900002"
"7329","AA","description","Gross Value - ROU - Reclassifications"
"7329","AA","code and description","7329 - Gross Value - ROU - Reclassifications"
"7329","AS","DR/CR","DR"
"7330","AA","description","Gross Value - At 1 July - ROU"
"7330","AA","code and description","7330 - Gross Value - At 1 July - ROU"
"7330","AS","DR/CR","DR"
"7330","AS","flat file","N"
"7323","AS","cash flow map","6900002"
"7323","AA","description","Gross Value - ROU - Changes in accounting policy"
"7323","AA","code and description","7323 - Gross Value - ROU - Changes in accounting policy"
"7323","AS","DR/CR","DR"
"7331","AS","editable","N"
"7331","AA","description","Gross Value as at 30 June - ROU"
"7331","AA","code and description","7331 - Gross Value as at 30 June - ROU"
"7331","AS","DR/CR","DR"
"7331","AS","flat file","N"
"7332","AS","cash flow map","6900002"
"7332","AA","description","Gross Value - ROU - Adjustments"
"7332","AA","code and description","7332 - Gross Value - ROU - Adjustments"
"7332","AS","DR/CR","DR"
"7341","AS","cash flow map","6900002"
"7341","AA","description","Gross Value - ROU - Intra-agency program restructures"
"7341","AA","code and description","7341 - Gross Value - ROU - Intra-agency program restructures"
"7341","AS","DR/CR","DR"
"7333","AS","cash flow map","6800001"
"7333","AA","description","Gross Value - ROU - Impairment losses"
"7333","AA","code and description","7333 - Gross Value - ROU - Impairment losses"
"7333","AS","DR/CR","CR"
"7334","AS","cash flow map","6900002"
"7334","AA","description","Gross Value - ROU - Fm dispsl of ents & ops (incl restruct)"
"7334","AA","code and description","7334 - Gross Value - ROU - Fm dispsl of ents & ops (incl restruct)"
"7334","AS","DR/CR","CR"
"7336","AS","cash flow map","6800001"
"7336","AA","description","Gross Value - ROU - Foreign exchange differences"
"7336","AA","code and description","7336 - Gross Value - ROU - Foreign exchange differences"
"7336","AS","DR/CR","DR"
"7337","AS","cash flow map","6800001"
"7337","AA","description","Gross Value - ROU - Reversal of impairment losses"
"7337","AA","code and description","7337 - Gross Value - ROU - Reversal of impairment losses"
"7337","AS","DR/CR","DR"
"7338","AS","cash flow map","6800001"
"7338","AA","description","Gross Value - ROU - Transfers to/from assets held for sale"
"7338","AA","code and description","7338 - Gross Value - ROU - Transfers to/from assets held for sale"
"7338","AS","DR/CR","DR"
"7339","AS","cash flow map","6800001"
"7339","AA","description","Gross Value - ROU - Transfers to investment properties"
"7339","AA","code and description","7339 - Gross Value - ROU - Transfers to investment properties"
"7339","AS","DR/CR","DR"
"7340","AS","cash flow map","6800001"
"7340","AA","description","Gross - ROU - transfer to investment in sublease"
"7340","AA","code and description","7340 - Gross - ROU - transfer to investment in sublease"
"7340","AS","DR/CR","DR"
"7371","AS","cash flow map","6800001"
"7371","AA","description","Gross - ROU - Remeasurement"
"7371","AA","code and description","7371 - Gross - ROU - Remeasurement"
"7371","AS","DR/CR","DR"
"7350","AA","description","Accumulated Depreciation/Amortisation - ROU"
"7350","AA","code and description","7350 - Accumulated Depreciation/Amortisation - ROU"
"7350","AS","DR/CR","CR"
"7350","AS","flat file","N"
"7351","AS","cash flow map","6900002"
"7351","AA","description","Acc Depn/Amt - ROU - Fm dispsl of ents & ops (incl restruct)"
"7351","AA","code and description","7351 - Acc Depn/Amt - ROU - Fm dispsl of ents & ops (incl restruct)"
"7351","AS","DR/CR","DR"
"7352","AS","cash flow map","6800001"
"7352","AA","description","Acc Depn/Amt - ROU - Disposals"
"7352","AA","code and description","7352 - Acc Depn/Amt - ROU - Disposals"
"7352","AS","DR/CR","DR"
"7353","AS","cash flow map","6800001"
"7353","AA","description","Acc Depn/Amt - ROU - Depreciation / amortisation (excl Other"
"7353","AA","code and description","7353 - Acc Depn/Amt - ROU - Depreciation / amortisation (excl Other"
"7353","AS","DR/CR","CR"
"7354","AS","cash flow map","6800001"
"7354","AA","description","Acc Depn/Amt - ROU - Revaluations"
"7354","AA","code and description","7354 - Acc Depn/Amt - ROU - Revaluations"
"7354","AS","DR/CR","CR"
"7356","AS","cash flow map","6900002"
"7356","AA","description","Acc Depn/Amt - ROU - Other movements"
"7356","AA","code and description","7356 - Acc Depn/Amt - ROU - Other movements"
"7356","AS","DR/CR","CR"
"7357","AS","cash flow map","6900002"
"7357","AA","description","Acc Depn/Amt - ROU - Fm acqustn of ents & ops (incl restruct"
"7357","AA","code and description","7357 - Acc Depn/Amt - ROU - Fm acqustn of ents & ops (incl restruct"
"7357","AS","DR/CR","CR"
"7358","AS","cash flow map","6900002"
"7358","AA","description","Acc Depn/Amt - ROU - Reclassifications"
"7358","AA","code and description","7358 - Acc Depn/Amt - ROU - Reclassifications"
"7358","AS","DR/CR","CR"
"7359","AS","cash flow map","6800001"
"7359","AA","description","Acc Depn/Amt - ROU - Impairment losses"
"7359","AA","code and description","7359 - Acc Depn/Amt - ROU - Impairment losses"
"7359","AS","DR/CR","DR"
"7360","AA","description","Accumulated Depreciation - At 1 July - ROU"
"7360","AA","code and description","7360 - Accumulated Depreciation - At 1 July - ROU"
"7360","AS","DR/CR","CR"
"7360","AS","flat file","N"
"7355","AS","cash flow map","6900002"
"7355","AA","description","Acc Depn/Amt - ROU - Changes in accounting policy"
"7355","AA","code and description","7355 - Acc Depn/Amt - ROU - Changes in accounting policy"
"7355","AS","DR/CR","CR"
"7361","AS","editable","N"
"7361","AA","description","Accumulated Depreciation - Balance 30 June - ROU"
"7361","AA","code and description","7361 - Accumulated Depreciation - Balance 30 June - ROU"
"7361","AS","DR/CR","CR"
"7361","AS","flat file","N"
"7362","AS","cash flow map","6900002"
"7362","AA","description","Acc Depn/Amt - ROU - Adjustments"
"7362","AA","code and description","7362 - Acc Depn/Amt - ROU - Adjustments"
"7362","AS","DR/CR","CR"
"7365","AS","cash flow map","6900002"
"7365","AA","description","Acc Depn/Amt - ROU -Intra-agency program restructures"
"7365","AA","code and description","7365 - Acc Depn/Amt - ROU -Intra-agency program restructures"
"7365","AS","DR/CR","CR"
"7363","AS","cash flow map","6800001"
"7363","AA","description","Acc Depn/Amt - ROU - Foreign exchange differences"
"7363","AA","code and description","7363 - Acc Depn/Amt - ROU - Foreign exchange differences"
"7363","AS","DR/CR","CR"
"7364","AS","cash flow map","6800001"
"7364","AA","description","Acc Depn/Amt - ROU - Reversal of impairment losses"
"7364","AA","code and description","7364 - Acc Depn/Amt - ROU - Reversal of impairment losses"
"7364","AS","DR/CR","CR"
"7366","AS","cash flow map","6800001"
"7366","AA","description","Acc Depn/Amt # ROU - Amortisation Other Intangibles"
"7366","AA","code and description","7366 - Acc Depn/Amt # ROU - Amortisation Other Intangibles"
"7366","AS","DR/CR","CR"
"7367","AS","cash flow map","6800001"
"7367","AA","description","Acc Depn/Amt - ROU - transfer to investment in sublease"
"7367","AA","code and description","7367 - Acc Depn/Amt - ROU - transfer to investment in sublease"
"7367","AS","DR/CR","CR"
"7368","AS","cash flow map","6800001"
"7368","AA","description","Acc Depn/Amt - ROU - Transfers to/from assets held for sale"
"7368","AA","code and description","7368 - Acc Depn/Amt - ROU - Transfers to/from assets held for sale"
"7368","AS","DR/CR","CR"
"7369","AS","cash flow map","6800001"
"7369","AA","description","Acc Depn/Amt - ROU - Transfers to investment properties"
"7369","AA","code and description","7369 - Acc Depn/Amt - ROU - Transfers to investment properties"
"7369","AS","DR/CR","CR"
"7370","AS","cash flow map","6800001"
"7370","AS","related entity enabled","Y"
"7370","AA","description","Acc Depn/Amt - ROU - Remeasurement"
"7370","AA","code and description","7370 - Acc Depn/Amt - ROU - Remeasurement"
"7370","AS","DR/CR","CR"
"3120","AA","description","Assets at fair value"
"3120","AA","code and description","3120 - Assets at fair value"
"3120","AS","DR/CR","DR"
"3120","AS","flat file","N"
"7410","AA","description","At fair value - 30 June this year"
"7410","AA","code and description","7410 - At fair value - 30 June this year"
"7410","AS","DR/CR","DR"
"7420","AS","editable","N"
"7420","AA","description","Gross at fair value - 30 June This Year"
"7420","AA","code and description","7420 - Gross at fair value - 30 June This Year"
"7420","AS","DR/CR","DR"
"7430","AS","related entity enabled","Y"
"7430","AA","description","Accumulated Depreciation / Amortisation at fair value - 30 June this year"
"7430","AA","code and description","7430 - Accumulated Depreciation / Amortisation at fair value - 30 June this year"
"7430","AS","DR/CR","CR"
"3130","AA","description","Finance Leases"
"3130","AA","code and description","3130 - Finance Leases"
"3130","AS","DR/CR","DR"
"3130","AS","flat file","N"
"7510","AA","description","Finance Leases - 30 June This Year"
"7510","AA","code and description","7510 - Finance Leases - 30 June This Year"
"7510","AS","DR/CR","DR"
"7510","AS","flat file","N"
"7520","AS","editable","N"
"7520","AA","description","Gross finance leases - 30 June This Year"
"7520","AA","code and description","7520 - Gross finance leases - 30 June This Year"
"7520","AS","DR/CR","DR"
"7530","AA","description","Accumulated depreciation / amortisation - Finance Leases - 30 June This Year"
"7530","AA","code and description","7530 - Accumulated depreciation / amortisation - Finance Leases - 30 June This Year"
"7530","AS","DR/CR","CR"
"3140","AA","description","Assets Under Construction"
"3140","AA","code and description","3140 - Assets Under Construction"
"3140","AS","DR/CR","DR"
"3140","AS","flat file","N"
"7610","AA","description","Assets under Construction - 30 June this year"
"7610","AA","code and description","7610 - Assets under Construction - 30 June this year"
"7610","AS","DR/CR","DR"
"7610","AS","flat file","N"
"7611","AS","editable","N"
"7611","AA","description","Gross assets under Construction - 30 June This Year"
"7611","AA","code and description","7611 - Gross assets under Construction - 30 June This Year"
"7611","AS","DR/CR","DR"
"7612","AA","description","Accumulated depreciation / amortisation - Assets under construction - 30 June This Year"
"7612","AA","code and description","7612 - Accumulated depreciation / amortisation - Assets under construction - 30 June This Year"
"7612","AS","DR/CR","CR"
"7299","AS","related entity enabled","Y"
"7299","AA","description","Equity Movement Table / Administered Reconciliation Table"
"7299","AA","code and description","7299 - Equity Movement Table / Administered Reconciliation Table"
"7299","AS","DR/CR","CR"
"7299","AS","legacy description","Equity Movement Table"
"7299","AS","legacy code and description","7299 - Equity Movement Table"
"7299","AS","flat file","N"
"7200","AS","related entity enabled","Y"
"7200","AA","description","Total Equity Attributable to the Commonwealth"
"7200","AA","code and description","7200 - Total Equity Attributable to the Commonwealth"
"7200","AS","DR/CR","CR"
"7200","AS","legacy description","Total Equity Attributable to the Commonwealth"
"7200","AS","legacy code and description","7200 - Total Equity Attributable to the Commonwealth"
"7250","AS","related entity enabled","Y"
"7250","AA","description","Equity at 30 June (Closing)"
"7250","AA","code and description","7250 - Equity at 30 June (Closing)"
"7250","AS","DR/CR","CR"
"7250","AS","legacy description","Equity at 30 June (Closing)"
"7250","AS","legacy code and description","7250 - Equity at 30 June (Closing)"
"7250","AS","flat file","N"
"7201","AS","editable","N"
"7201","AS","related entity enabled","Y"
"7201","AA","description","Operating Result"
"7201","AA","code and description","7201 - Operating Result"
"7201","AS","DR/CR","CR"
"7201","AS","legacy description","Operating Result"
"7201","AS","legacy code and description","7201 - Operating Result"
"7201","AS","flat file","N"
"7217","AS","cash flow map","6212005"
"7217","AS","legacy cash flow map","6900002"
"7217","AS","related entity enabled","Y"
"7217","AA","description","Amounts withheld for / (from) other government programs"
"7217","AA","code and description","7217 - Amounts withheld for / (from) other government programs"
"7217","AS","DR/CR","CR"
"7217","AS","legacy description","Amounts withheld for / (from) other government programs"
"7217","AS","legacy code and description","7217 - Amounts withheld for / (from) other government programs"
"7202","AS","related entity enabled","Y"
"7202","AA","description","Asset Revaluations"
"7202","AA","code and description","7202 - Asset Revaluations"
"7202","AS","DR/CR","CR"
"7202","AS","legacy description","Asset Revaluations"
"7202","AS","legacy code and description","7202 - Asset Revaluations"
"7202","AS","flat file","N"
"7230","AS","cash flow map","6222211"
"7230","AS","legacy cash flow map","6222211"
"7230","AA","description","Net Asset Reval - Financial Assets"
"7230","AA","code and description","7230 - Net Asset Reval - Financial Assets"
"7230","AS","DR/CR","CR"
"7230","AS","legacy description","Net Asset Reval - Financial Assets"
"7230","AS","legacy code and description","7230 - Net Asset Reval - Financial Assets"
"7231","AA","description","Net Asset Reval - Non-Financial Assets"
"7231","AA","code and description","7231 - Net Asset Reval - Non-Financial Assets"
"7231","AS","DR/CR","CR"
"7231","AS","legacy description","Net Asset Reval - Non-Financial Assets"
"7231","AS","legacy code and description","7231 - Net Asset Reval - Non-Financial Assets"
"7231","AS","flat file","N"
"7232","AS","cash flow map","6800001"
"7232","AS","legacy cash flow map","6800002"
"7232","AA","description","Net Asset Reval Inc/(Dec) - Buildings"
"7232","AA","code and description","7232 - Net Asset Reval Inc/(Dec) - Buildings"
"7232","AS","DR/CR","CR"
"7232","AS","legacy description","Net Asset Reval Inc/(Dec) - Buildings"
"7232","AS","legacy code and description","7232 - Net Asset Reval Inc/(Dec) - Buildings"
"7233","AS","cash flow map","6800001"
"7233","AS","legacy cash flow map","6800002"
"7233","AA","description","Net Asset Reval Inc/(Dec) - Land"
"7233","AA","code and description","7233 - Net Asset Reval Inc/(Dec) - Land"
"7233","AS","DR/CR","CR"
"7233","AS","legacy description","Net Asset Reval Inc/(Dec) - Land"
"7233","AS","legacy code and description","7233 - Net Asset Reval Inc/(Dec) - Land"
"7234","AS","cash flow map","6800001"
"7234","AS","legacy cash flow map","6800002"
"7234","AA","description","Net Asset Reval Inc/(Dec) - Specialist military equipment"
"7234","AA","code and description","7234 - Net Asset Reval Inc/(Dec) - Specialist military equipment"
"7234","AS","DR/CR","CR"
"7234","AS","legacy description","Net Asset Reval Inc/(Dec) - Specialist military equipment"
"7234","AS","legacy code and description","7234 - Net Asset Reval Inc/(Dec) - Specialist military equipment"
"7235","AS","cash flow map","6800001"
"7235","AS","legacy cash flow map","6800002"
"7235","AA","description","Net Asset Reval Inc/(Dec) - Other infrastructure, plant and equipment"
"7235","AA","code and description","7235 - Net Asset Reval Inc/(Dec) - Other infrastructure, plant and equipment"
"7235","AS","DR/CR","CR"
"7235","AS","legacy description","Net Asset Reval Inc/(Dec) - Other infrastructure, plant and equipment"
"7235","AS","legacy code and description","7235 - Net Asset Reval Inc/(Dec) - Other infrastructure, plant and equipment"
"7236","AS","cash flow map","6800001"
"7236","AS","legacy cash flow map","6800002"
"7236","AA","description","Net Asset Reval Inc/(Dec) - Intangibles"
"7236","AA","code and description","7236 - Net Asset Reval Inc/(Dec) - Intangibles"
"7236","AS","DR/CR","CR"
"7236","AS","legacy description","Net Asset Reval Inc/(Dec) - Intangibles"
"7236","AS","legacy code and description","7236 - Net Asset Reval Inc/(Dec) - Intangibles"
"7237","AS","legacy cash flow map","6800002"
"7237","AA","description","Net Asset Reval Inc/(Dec) - Other Non-Financial Assets"
"7237","AA","code and description","7237 - Net Asset Reval Inc/(Dec) - Other Non-Financial Assets"
"7237","AS","DR/CR","CR"
"7237","AS","legacy description","Net Asset Reval Inc/(Dec) - Other Non-Financial Assets"
"7237","AS","legacy code and description","7237 - Net Asset Reval Inc/(Dec) - Other Non-Financial Assets"
"7238","AS","cash flow map","6800001"
"7238","AS","legacy cash flow map","6800002"
"7238","AA","description","Net Asset Reval Inc/(Dec) - Heritage and cultural assets"
"7238","AA","code and description","7238 - Net Asset Reval Inc/(Dec) - Heritage and cultural assets"
"7238","AS","DR/CR","CR"
"7238","AS","legacy description","Net Asset Reval Inc/(Dec) - Heritage and cultural assets"
"7238","AS","legacy code and description","7238 - Net Asset Reval Inc/(Dec) - Heritage and cultural assets"
"7239","AS","cash flow map","6221201"
"7239","AS","legacy cash flow map","6800002"
"7239","AA","description","Net Asset Reval (Inc)/Dec - Provision for restoration, decommissioning and makegood"
"7239","AA","code and description","7239 - Net Asset Reval (Inc)/Dec - Provision for restoration, decommissioning and makegood"
"7239","AS","DR/CR","CR"
"7239","AS","legacy description","Net Asset Reval (Inc)/Dec - Provision for restoration, decommissioning and makegood"
"7239","AS","legacy code and description","7239 - Net Asset Reval (Inc)/Dec - Provision for restoration, decommissioning and makegood"
"7203","AS","legacy assumed related entity","12600"
"7203","AS","cash flow map","6231010"
"7203","AS","legacy cash flow map","6231010"
"7203","AS","related entity enabled","Y"
"7203","AA","description","Contribution of equity (Corporates)"
"7203","AA","code and description","7203 - Contribution of equity (Corporates)"
"7203","AS","DR/CR","CR"
"7203","AS","legacy description","Contribution / (Distribution) of Equity"
"7203","AS","legacy code and description","7203 - Contribution / (Distribution) of Equity"
"7205","AS","cash flow map","6900002"
"7205","AS","legacy cash flow map","6900002"
"7205","AS","related entity enabled","Y"
"7205","AA","description","Other movements"
"7205","AA","code and description","7205 - Other movements"
"7205","AS","DR/CR","CR"
"7205","AS","legacy description","Other movements"
"7205","AS","legacy code and description","7205 - Other movements"
"7206","AS","assumed related entity","49800"
"7206","AS","legacy assumed related entity","12600"
"7206","AS","cash flow map","6231010"
"7206","AS","legacy cash flow map","6231010"
"7206","AS","related entity enabled","Y"
"7206","AA","description","Equity injection - Appropriation (Non-corporates)"
"7206","AA","code and description","7206 - Equity injection - Appropriation (Non-corporates)"
"7206","AS","DR/CR","CR"
"7206","AS","legacy description","Injection for Capital Works"
"7206","AS","legacy code and description","7206 - Injection for Capital Works"
"7207","AS","cash flow map","6900002"
"7207","AS","legacy cash flow map","6900002"
"7207","AS","related entity enabled","Y"
"7207","AA","description","Restructuring"
"7207","AA","code and description","7207 - Restructuring"
"7207","AS","DR/CR","CR"
"7207","AS","legacy description","Restructuring - equity adjustment"
"7207","AS","legacy code and description","7207 - Restructuring - equity adjustment"
"7208","AS","assumed related entity","15700"
"7208","AS","cash flow map","6212001"
"7208","AS","related entity enabled","Y"
"7208","AA","description","Income Tax on Equity Items"
"7208","AA","code and description","7208 - Income Tax on Equity Items"
"7208","AS","DR/CR","CR"
"7209","AS","assumed related entity","49800"
"7209","AS","cash flow map","6231010"
"7209","AS","legacy cash flow map","6231010"
"7209","AS","related entity enabled","Y"
"7209","AA","description","Injection for Departmental Capital Budget"
"7209","AA","code and description","7209 - Injection for Departmental Capital Budget"
"7209","AS","DR/CR","CR"
"7209","AS","legacy description","Injection for Departmental Capital Budget"
"7209","AS","legacy code and description","7209 - Injection for Departmental Capital Budget"
"7210","AS","related entity enabled","Y"
"7210","AA","description","Adjusted Opening balance 1 July last year"
"7210","AA","code and description","7210 - Adjusted Opening balance 1 July last year"
"7210","AS","DR/CR","CR"
"7210","AS","legacy description","Adjusted Opening balance 1 July last year"
"7210","AS","legacy code and description","7210 - Adjusted Opening balance 1 July last year"
"7210","AS","flat file","N"
"7211","AS","editable","N"
"7211","AS","related entity enabled","Y"
"7211","AA","description","Entity Balance - 30 June last year"
"7211","AA","code and description","7211 - Entity Balance - 30 June last year"
"7211","AS","DR/CR","CR"
"7211","AS","legacy description","Entity Balance - 30 June last year"
"7211","AS","legacy code and description","7211 - Entity Balance - 30 June last year"
"7211","AS","flat file","N"
"7212","AS","cash flow map","6900002"
"7212","AS","legacy cash flow map","6900002"
"7212","AS","related entity enabled","Y"
"7212","AA","description","Adjustment for Errors"
"7212","AA","code and description","7212 - Adjustment for Errors"
"7212","AS","DR/CR","CR"
"7212","AS","legacy description","Adjustment for Errors"
"7212","AS","legacy code and description","7212 - Adjustment for Errors"
"7225","AS","cash flow map","6900002"
"7225","AS","legacy cash flow map","6900002"
"7225","AA","description","Opening Balance Adjustments"
"7225","AA","code and description","7225 - Opening Balance Adjustments"
"7225","AS","DR/CR","CR"
"7225","AS","legacy description","Acc R&R, Changes in Accounting Policy"
"7225","AS","legacy code and description","7225 - Acc R&R, Changes in Accounting Policy"
"7216","AS","cash flow map","6900002"
"7216","AS","legacy cash flow map","6900002"
"7216","AA","description","Intra Agency Program Restructures"
"7216","AA","code and description","7216 - Intra Agency Program Restructures"
"7216","AS","DR/CR","CR"
"7216","AS","legacy description","Intra Agency Program Restructures"
"7216","AS","legacy code and description","7216 - Intra Agency Program Restructures"
"7220","AA","description","Dividends provided for or paid"
"7220","AA","code and description","7220 - Dividends provided for or paid"
"7220","AS","DR/CR","CR"
"7220","AS","legacy description","Dividends provided for or paid (7220)"
"7220","AS","legacy code and description","7220 - Dividends provided for or paid"
"7220","AS","flat file","N"
"7218","AS","cash flow map","6232001"
"7218","AS","legacy cash flow map","6232001"
"7218","AS","related entity enabled","Y"
"7218","AA","description","Dividends provided for or paid - RE"
"7218","AA","code and description","7218 - Dividends provided for or paid - RE"
"7218","AS","DR/CR","CR"
"7218","AS","legacy description","Dividends provided for or paid - RE"
"7218","AS","legacy code and description","7218 - Dividends provided for or paid - RE"
"7219","AS","cash flow map","6232001"
"7219","AS","legacy cash flow map","6232001"
"7219","AA","description","Dividends provided for or paid - EE"
"7219","AA","code and description","7219 - Dividends provided for or paid - EE"
"7219","AS","DR/CR","CR"
"7219","AS","legacy description","Dividends provided for or paid"
"7219","AS","legacy code and description","7219 - Dividends provided for or paid"
"7221","AS","cash flow map","6800001"
"7221","AA","description","Transfers between equity components"
"7221","AA","code and description","7221 - Transfers between equity components"
"7221","AS","DR/CR","CR"
"7221","AS","legacy description","Acc R&R, Trf to/from/between reserves"
"7221","AS","legacy code and description","7221 - Acc R&R, Trf to/from/between reserves"
"7222","AS","cash flow map","6222220"
"7222","AS","legacy cash flow map","6222211"
"7222","AA","description","Revaluation of administered investments"
"7222","AA","code and description","7222 - Revaluation of administered investments"
"7222","AS","DR/CR","CR"
"7222","AS","legacy description","Acc R&R, Net acq/(disp) of Admin Invest"
"7222","AS","legacy code and description","7222 - Acc R&R, Net acq/(disp) of Admin Invest"
"7226","AS","cash flow map","6900002"
"7226","AA","description","Foreign currency translation gain/(loss)"
"7226","AA","code and description","7226 - Foreign currency translation gain/(loss)"
"7226","AS","DR/CR","CR"
"7226","AS","legacy description","Acc R&R Translation gain (Loss)"
"7226","AS","legacy code and description","7226 - Acc R&R Translation gain (Loss)"
"7227","AA","description","Amount (to) / from Official Public Account"
"7227","AA","code and description","7227 - Amount (to) / from Official Public Account"
"7227","AS","DR/CR","CR"
"7227","AS","legacy description","Amount (to) / from Official Public Account"
"7227","AS","legacy code and description","7227 - Amount (to) / from Official Public Account"
"7227","AS","flat file","N"
"7591","AA","description","Agency"
"7591","AA","code and description","7591 - Agency"
"7591","AS","DR/CR","CR"
"7591","AS","legacy description","Agency"
"7591","AS","legacy code and description","7591 - Agency"
"7591","AS","flat file","N"
"7585","AS","assumed related entity","49800"
"7585","AS","cash flow map","6212008"
"7585","AS","related entity enabled","Y"
"7585","AA","description","Return of corporate equity to the OPA"
"7585","AA","code and description","7585 - Return of corporate equity to the OPA"
"7585","AS","DR/CR","CR"
"7586","AS","assumed related entity","49800"
"7586","AS","cash flow map","6211006"
"7586","AS","related entity enabled","Y"
"7586","AA","description","Section 74 receipts from the OPA"
"7586","AA","code and description","7586 - Section 74 receipts from the OPA"
"7586","AS","DR/CR","CR"
"7587","AS","appropriation type required","Y"
"7587","AS","assumed related entity","49800"
"7587","AS","cash flow map","6212008"
"7587","AS","related entity enabled","Y"
"7587","AA","description","Section 74 receipts transferred to OPA"
"7587","AA","code and description","7587 - Section 74 receipts transferred to OPA"
"7587","AS","DR/CR","CR"
"7588","AS","assumed related entity","49800"
"7588","AS","cash flow map","6211006"
"7588","AS","related entity enabled","Y"
"7588","AA","description","GST appropriations"
"7588","AA","code and description","7588 - GST appropriations"
"7588","AS","DR/CR","CR"
"7589","AS","assumed related entity","49800"
"7589","AS","cash flow map","6212008"
"7589","AS","related entity enabled","Y"
"7589","AA","description","Return of GST to the OPA"
"7589","AA","code and description","7589 - Return of GST to the OPA"
"7589","AS","DR/CR","CR"
"7592","AS","assumed related entity","49800"
"7592","AS","legacy assumed related entity","12600"
"7592","AS","cash flow map","6212008"
"7592","AS","legacy cash flow map","6212008"
"7592","AS","related entity enabled","Y"
"7592","AA","description","Cash transfers to the OPA"
"7592","AA","code and description","7592 - Cash transfers to the OPA"
"7592","AS","DR/CR","CR"
"7592","AS","legacy description","Cash transfers to the OPA"
"7592","AS","legacy code and description","7592 - Cash transfers to the OPA"
"7593","AS","appropriation type required","Y"
"7593","AS","assumed related entity","49800"
"7593","AS","legacy assumed related entity","12600"
"7593","AS","cash flow map","6211006"
"7593","AS","legacy cash flow map","6211007"
"7593","AS","related entity enabled","Y"
"7593","AA","description","Administered Appropriations from the OPA (Admin Only) - agreed"
"7593","AA","code and description","7593 - Administered Appropriations from the OPA (Admin Only) - agreed"
"7593","AS","DR/CR","CR"
"7593","AS","legacy description","Administered Appropriations from the OPA (Admin Only)"
"7593","AS","legacy code and description","7593 - Administered Appropriations from the OPA (Admin Only)"
"7594","AS","appropriation type required","Y"
"7594","AS","assumed related entity","49800"
"7594","AS","legacy assumed related entity","12600"
"7594","AS","cash flow map","6211006"
"7594","AS","legacy cash flow map","6211006"
"7594","AS","related entity enabled","Y"
"7594","AA","description","Administered Appropriations from the OPA (Admin Only) - provisional"
"7594","AA","code and description","7594 - Administered Appropriations from the OPA (Admin Only) - provisional"
"7594","AS","DR/CR","CR"
"7594","AS","legacy description","Administered Appropriations from the OPA - provisional (Admin Only)"
"7594","AS","legacy code and description","7594 - Administered Appropriations from the OPA - provisional (Admin Only)"
"7598","AS","appropriation type required","Y"
"7598","AS","assumed related entity","49800"
"7598","AS","cash flow map","6211006"
"7598","AS","related entity enabled","Y"
"7598","AA","description","Administered appropriations from the OPA - cash adjustment"
"7598","AA","code and description","7598 - Administered appropriations from the OPA - cash adjustment"
"7598","AS","DR/CR","CR"
"7599","AS","exclude from reconciliation","Y"
"7599","AS","appropriation type required","Y"
"7599","AS","assumed related entity","49800"
"7599","AS","legacy assumed related entity","12600"
"7599","AS","cash flow map","6211006"
"7599","AS","legacy cash flow map","6211006"
"7599","AS","related entity enabled","Y"
"7599","AA","description","Administered Appropriations for Corporate entities"
"7599","AA","code and description","7599 - Administered Appropriations for Corporate entities"
"7599","AS","DR/CR","CR"
"7599","AS","legacy description","Administered Appropriations for CAC Agencies"
"7599","AS","legacy code and description","7599 - Administered Appropriations for CAC Agencies"
"7595","AA","description","Finance"
"7595","AA","code and description","7595 - Finance"
"7595","AS","DR/CR","CR"
"7595","AS","legacy description","Finance"
"7595","AS","legacy code and description","7595 - Finance"
"7595","AS","flat file","N"
"7596","AS","assumed related entity","49800"
"7596","AS","cash flow map","6211008"
"7596","AS","legacy cash flow map","6211008"
"7596","AS","related entity enabled","Y"
"7596","AA","description","Cash from Agencies (Admin Only)"
"7596","AA","code and description","7596 - Cash from Agencies (Admin Only)"
"7596","AS","DR/CR","CR"
"7596","AS","legacy description","Cash from Agencies (Admin Only)"
"7596","AS","legacy code and description","7596 - Cash from Agencies (Admin Only)"
"7597","AS","assumed related entity","49800"
"7597","AS","cash flow map","6212009"
"7597","AS","legacy cash flow map","6212009"
"7597","AS","related entity enabled","Y"
"7597","AA","description","Appropriations to Agencies (Admin Only)"
"7597","AA","code and description","7597 - Appropriations to Agencies (Admin Only)"
"7597","AS","DR/CR","CR"
"7597","AS","legacy description","Appropriations to Agencies (Admin Only)"
"7597","AS","legacy code and description","7597 - Appropriations to Agencies (Admin Only)"
"7228","AS","assumed related entity","49800"
"7228","AS","cash flow map","6232011"
"7228","AS","related entity enabled","Y"
"7228","AA","description","Return of equity (Non-corporates)"
"7228","AA","code and description","7228 - Return of equity (Non-corporates)"
"7228","AS","DR/CR","CR"
"7229","AS","assumed related entity","49800"
"7229","AS","cash flow map","6211006"
"7229","AS","related entity enabled","Y"
"7229","AA","description","Administered Equity Appropriations for Corporate entities"
"7229","AA","code and description","7229 - Administered Equity Appropriations for Corporate entities"
"7229","AS","DR/CR","CR"
"7240","AS","cash flow map","6212021"
"7240","AS","legacy cash flow map","6212002"
"7240","AA","description","Actuarial gains/(losses) on defined benefit plans"
"7240","AA","code and description","7240 - Actuarial gains/(losses) on defined benefit plans"
"7240","AS","DR/CR","CR"
"7240","AS","legacy description","Actuarial gains/(losses) on defined benefit plans"
"7240","AS","legacy code and description","7240 - Actuarial gains/(losses) on defined benefit plans"
"7298","AS","cash flow map","6232008"
"7298","AA","description","Return of equity (Corporates)"
"7298","AA","code and description","7298 - Return of equity (Corporates)"
"7298","AS","DR/CR","CR"
"7251","AA","description","Minority Interest"
"7251","AA","code and description","7251 - Minority Interest"
"7251","AS","DR/CR","CR"
"7251","AS","flat file","N"
"7255","AA","description","Minority Interest in accumulated results"
"7255","AA","code and description","7255 - Minority Interest in accumulated results"
"7255","AS","DR/CR","CR"
"7261","AA","description","Minority Interest in contributed equity"
"7261","AA","code and description","7261 - Minority Interest in contributed equity"
"7261","AS","DR/CR","CR"
"7262","AA","description","Minority Interest in reserves"
"7262","AA","code and description","7262 - Minority Interest in reserves"
"7262","AS","DR/CR","CR"
"7400","AA","description","Contingent Liabilities Movement Table"
"7400","AA","code and description","7400 - Contingent Liabilities Movement Table"
"7400","AS","DR/CR","CR"
"7400","AS","legacy description","Contingent Liabilities Movement Table"
"7400","AS","legacy code and description","7400 - Contingent Liabilities Movement Table"
"7400","AS","flat file","N"
"7490","AA","description","Closing Balance - Contingent liabilities"
"7490","AA","code and description","7490 - Closing Balance - Contingent liabilities"
"7490","AS","DR/CR","CR"
"7490","AS","legacy description","Closing Balance - Contingent Liabilities"
"7490","AS","legacy code and description","7490 - Closing Balance - Contingent Liabilities"
"7490","AS","flat file","N"
"7451","AA","description","Opening Balance - Quantifiable contingent liabilities"
"7451","AA","code and description","7451 - Opening Balance - Quantifiable contingent liabilities"
"7451","AS","DR/CR","CR"
"7451","AS","legacy description","Opening Balance - Contingent Liabilities"
"7451","AS","legacy code and description","7451 - Opening Balance - Contingent Liabilities"
"7451","AS","flat file","N"
"7452","AA","description","New quantifiable contingent liabilities"
"7452","AA","code and description","7452 - New quantifiable contingent liabilities"
"7452","AS","DR/CR","CR"
"7452","AS","legacy description","New"
"7452","AS","legacy code and description","7452 - New"
"7453","AA","description","Re-measurement of existing quantifiable contingent liabilities"
"7453","AA","code and description","7453 - Re-measurement of existing quantifiable contingent liabilities"
"7453","AS","DR/CR","CR"
"7453","AS","legacy description","Re-measurement"
"7453","AS","legacy code and description","7453 - Re-measurement"
"7454","AA","description","Quantifiable contingent liabilities crystallised into liabilities"
"7454","AA","code and description","7454 - Quantifiable contingent liabilities crystallised into liabilities"
"7454","AS","DR/CR","DR"
"7454","AS","legacy description","Liabilities crystallised"
"7454","AS","legacy code and description","7454 - Liabilities crystallised"
"7455","AA","description","Expired quantifiable contingent liabilities"
"7455","AA","code and description","7455 - Expired quantifiable contingent liabilities"
"7455","AS","DR/CR","DR"
"7455","AS","legacy description","Obligations expired"
"7455","AS","legacy code and description","7455 - Obligations expired"
"7500","AA","description","Contingent Assets Movement Table"
"7500","AA","code and description","7500 - Contingent Assets Movement Table"
"7500","AS","DR/CR","DR"
"7500","AS","flat file","N"
"7590","AA","description","Closing Balance - Contingent Assets"
"7590","AA","code and description","7590 - Closing Balance - Contingent Assets"
"7590","AS","DR/CR","DR"
"7590","AS","flat file","N"
"7551","AA","description","Opening Balance - Quantifiable contingent Assets"
"7551","AA","code and description","7551 - Opening Balance - Quantifiable contingent Assets"
"7551","AS","DR/CR","DR"
"7551","AS","flat file","N"
"7552","AA","description","New quantifiable contingent Assets"
"7552","AA","code and description","7552 - New quantifiable contingent Assets"
"7552","AS","DR/CR","DR"
"7553","AA","description","Re-measurement of existing quantifiable contingent Assets"
"7553","AA","code and description","7553 - Re-measurement of existing quantifiable contingent Assets"
"7553","AS","DR/CR","DR"
"7554","AA","description","Quantifiable contingent Assets crystallised into Assets"
"7554","AA","code and description","7554 - Quantifiable contingent Assets crystallised into Assets"
"7554","AS","DR/CR","CR"
"7555","AA","description","Expired quantifiable contingent Assets"
"7555","AA","code and description","7555 - Expired quantifiable contingent Assets"
"7555","AS","DR/CR","CR"
"7600","AA","description","Commitments - Maturity"
"7600","AA","code and description","7600 - Commitments - Maturity"
"7600","AS","DR/CR","CR"
"7600","AS","flat file","N"
"7601","AA","description","Commitments - Less than 1 year"
"7601","AA","code and description","7601 - Commitments - Less than 1 year"
"7601","AS","DR/CR","CR"
"7602","AA","description","Commitments - 1 To 5 years"
"7602","AA","code and description","7602 - Commitments - 1 To 5 years"
"7602","AS","DR/CR","CR"
"7603","AA","description","Commitments - More than 5 years"
"7603","AA","code and description","7603 - Commitments - More than 5 years"
"7603","AS","DR/CR","CR"
"7700","AA","description","Commitments Receivable - Maturity"
"7700","AA","code and description","7700 - Commitments Receivable - Maturity"
"7700","AS","DR/CR","DR"
"7700","AS","flat file","N"
"7701","AA","description","Commitments Receivable - Less than 1 year"
"7701","AA","code and description","7701 - Commitments Receivable - Less than 1 year"
"7701","AS","DR/CR","DR"
"7702","AA","description","Commitments Receivable - 1 To 5 years"
"7702","AA","code and description","7702 - Commitments Receivable - 1 To 5 years"
"7702","AS","DR/CR","DR"
"7703","AA","description","Commitments Receivable - More than 5 years"
"7703","AA","code and description","7703 - Commitments Receivable - More than 5 years"
"7703","AS","DR/CR","DR"
"7800","AA","description","Financial Instruments"
"7800","AA","code and description","7800 - Financial Instruments"
"7800","AS","DR/CR","CR"
"7800","AS","flat file","N"
"7850","AA","description","Credit risk of financial assets"
"7850","AA","code and description","7850 - Credit risk of financial assets"
"7850","AS","DR/CR","DR"
"7850","AS","flat file","N"
"7841","AA","description","Not past due nor impaired  - Provision for doubtf debt"
"7841","AA","code and description","7841 - Not past due nor impaired  - Provision for doubtf debt"
"7841","AS","DR/CR","CR"
"7842","AA","description","Total past due but not impaired  - Provision for doubtf debt"
"7842","AA","code and description","7842 - Total past due but not impaired  - Provision for doubtf debt"
"7842","AS","DR/CR","CR"
"7842","AS","flat file","N"
"7843","AA","description","0-30 days overdue  - Provision for doubtf debt"
"7843","AA","code and description","7843 - 0-30 days overdue  - Provision for doubtf debt"
"7843","AS","DR/CR","CR"
"7844","AA","description","30-60 days overdue  - Provision for doubtf debt"
"7844","AA","code and description","7844 - 30-60 days overdue  - Provision for doubtf debt"
"7844","AS","DR/CR","CR"
"7845","AA","description","60-90 days overdue  - Provision for doubtf debt"
"7845","AA","code and description","7845 - 60-90 days overdue  - Provision for doubtf debt"
"7845","AS","DR/CR","CR"
"7846","AA","description","Over 90 days overdue  - Provision for doubtf debt"
"7846","AA","code and description","7846 - Over 90 days overdue  - Provision for doubtf debt"
"7846","AS","DR/CR","CR"
"7851","AA","description","Not past due nor impaired"
"7851","AA","code and description","7851 - Not past due nor impaired"
"7851","AS","DR/CR","DR"
"7852","AA","description","Total past due but not impaired"
"7852","AA","code and description","7852 - Total past due but not impaired"
"7852","AS","DR/CR","DR"
"7852","AS","flat file","N"
"7853","AA","description","0-30 days overdue"
"7853","AA","code and description","7853 - 0-30 days overdue"
"7853","AS","DR/CR","DR"
"7854","AA","description","30-60 days overdue"
"7854","AA","code and description","7854 - 30-60 days overdue"
"7854","AS","DR/CR","DR"
"7855","AA","description","60-90 days overdue"
"7855","AA","code and description","7855 - 60-90 days overdue"
"7855","AS","DR/CR","DR"
"7856","AA","description","Over 90 days overdue"
"7856","AA","code and description","7856 - Over 90 days overdue"
"7856","AS","DR/CR","DR"
"7860","AA","description","Liquidity risk of financial liabilities"
"7860","AA","code and description","7860 - Liquidity risk of financial liabilities"
"7860","AS","DR/CR","CR"
"7860","AS","flat file","N"
"7865","AA","description","Financial liabilities by contractual maturity"
"7865","AA","code and description","7865 - Financial liabilities by contractual maturity"
"7865","AS","DR/CR","CR"
"7865","AS","flat file","N"
"7861","AA","description","Contractual maturity on demand"
"7861","AA","code and description","7861 - Contractual maturity on demand"
"7861","AS","DR/CR","CR"
"7862","AA","description","Contractual maturity less than one year"
"7862","AA","code and description","7862 - Contractual maturity less than one year"
"7862","AS","DR/CR","CR"
"7863","AA","description","Contractual maturity between one and five years"
"7863","AA","code and description","7863 - Contractual maturity between one and five years"
"7863","AS","DR/CR","CR"
"7864","AA","description","Contractual maturity more than five years"
"7864","AA","code and description","7864 - Contractual maturity more than five years"
"7864","AS","DR/CR","CR"
"7880","AA","description","Categories of financial instruments"
"7880","AA","code and description","7880 - Categories of financial instruments"
"7880","AS","DR/CR","CR"
"7880","AS","flat file","N"
"7881","AA","description","Categories of financial assets"
"7881","AA","code and description","7881 - Categories of financial assets"
"7881","AS","DR/CR","DR"
"7881","AS","flat file","N"
"7872","AA","description","Held-to-maturity - Provision for doubtf debt"
"7872","AA","code and description","7872 - Held-to-maturity - Provision for doubtf debt"
"7872","AS","DR/CR","CR"
"7873","AA","description","Loans and receivables - Provision for doubtf debt"
"7873","AA","code and description","7873 - Loans and receivables - Provision for doubtf debt"
"7873","AS","DR/CR","CR"
"7874","AA","description","Available for sale  - Provision for doubtf debt"
"7874","AA","code and description","7874 - Available for sale  - Provision for doubtf debt"
"7874","AS","DR/CR","CR"
"7875","AA","description","Fair value through profit and loss (held for trading) - Provision for doubtf debt"
"7875","AA","code and description","7875 - Fair value through profit and loss (held for trading) - Provision for doubtf debt"
"7875","AS","DR/CR","CR"
"7876","AA","description","Fair value through profit and loss (designated) - Provision for doubtf debt"
"7876","AA","code and description","7876 - Fair value through profit and loss (designated) - Provision for doubtf debt"
"7876","AS","DR/CR","CR"
"7882","AA","description","Held-to-maturity"
"7882","AA","code and description","7882 - Held-to-maturity"
"7882","AS","DR/CR","DR"
"7883","AA","description","Loans and receivables"
"7883","AA","code and description","7883 - Loans and receivables"
"7883","AS","DR/CR","DR"
"7884","AA","description","Available for sale"
"7884","AA","code and description","7884 - Available for sale"
"7884","AS","DR/CR","DR"
"7885","AA","description","Fair value through profit and loss (held for trading) (FA)"
"7885","AA","code and description","7885 - Fair value through profit and loss (held for trading) (FA)"
"7885","AS","DR/CR","DR"
"7886","AA","description","Fair value through profit and loss (designated) (FA)"
"7886","AA","code and description","7886 - Fair value through profit and loss (designated) (FA)"
"7886","AS","DR/CR","DR"
"7887","AA","description","Categories of financial liabilities"
"7887","AA","code and description","7887 - Categories of financial liabilities"
"7887","AS","DR/CR","CR"
"7887","AS","flat file","N"
"7888","AA","description","At amortised cost"
"7888","AA","code and description","7888 - At amortised cost"
"7888","AS","DR/CR","CR"
"7889","AA","description","Fair value through profit and loss (held for trading) (FL)"
"7889","AA","code and description","7889 - Fair value through profit and loss (held for trading) (FL)"
"7889","AS","DR/CR","CR"
"7890","AA","description","Fair value through profit and loss (designated) (FL)"
"7890","AA","code and description","7890 - Fair value through profit and loss (designated) (FL)"
"7890","AS","DR/CR","CR"
"7900","AA","description","Fair Value"
"7900","AA","code and description","7900 - Fair Value"
"7900","AS","DR/CR","CR"
"7900","AS","flat file","N"
"7895","AA","description","Fair value hierarchy"
"7895","AA","code and description","7895 - Fair value hierarchy"
"7895","AS","DR/CR","CR"
"7895","AS","flat file","N"
"7891","AA","description","Fair value level one - Assets"
"7891","AA","code and description","7891 - Fair value level one - Assets"
"7891","AS","DR/CR","DR"
"7892","AA","description","Fair value level two - Assets"
"7892","AA","code and description","7892 - Fair value level two - Assets"
"7892","AS","DR/CR","DR"
"7893","AA","description","Fair value level three - Assets"
"7893","AA","code and description","7893 - Fair value level three - Assets"
"7893","AS","DR/CR","DR"
"7896","AA","description","Fair value level one - Liabilities"
"7896","AA","code and description","7896 - Fair value level one - Liabilities"
"7896","AS","DR/CR","CR"
"7897","AA","description","Fair value level two - Liabilities"
"7897","AA","code and description","7897 - Fair value level two - Liabilities"
"7897","AS","DR/CR","CR"
"7898","AA","description","Fair value level three - Liabilities"
"7898","AA","code and description","7898 - Fair value level three - Liabilities"
"7898","AS","DR/CR","CR"
"7910","AA","description","Fair value - Level 3 reconciliation - Liabilities"
"7910","AA","code and description","7910 - Fair value - Level 3 reconciliation - Liabilities"
"7910","AS","DR/CR","CR"
"7910","AS","flat file","N"
"7911","AA","description","Level 3 - Opening balance - Liabilities"
"7911","AA","code and description","7911 - Level 3 - Opening balance - Liabilities"
"7911","AS","DR/CR","CR"
"7911","AS","flat file","N"
"7912","AA","description","Level 3 - Adjustments to opening balance - Liabilities"
"7912","AA","code and description","7912 - Level 3 - Adjustments to opening balance - Liabilities"
"7912","AS","DR/CR","CR"
"7913","AA","description","Level 3 - Purchases/payments - Liabilities"
"7913","AA","code and description","7913 - Level 3 - Purchases/payments - Liabilities"
"7913","AS","DR/CR","CR"
"7914","AA","description","Level 3 - Sales/repayments - Liabilities"
"7914","AA","code and description","7914 - Level 3 - Sales/repayments - Liabilities"
"7914","AS","DR/CR","DR"
"7915","AA","description","Level 3 - Gains/losses recorded in P&L - Liabilities"
"7915","AA","code and description","7915 - Level 3 - Gains/losses recorded in P&L - Liabilities"
"7915","AS","DR/CR","CR"
"7916","AA","description","Level 3 - Gains/losses recorded in Equity - Liabilities"
"7916","AA","code and description","7916 - Level 3 - Gains/losses recorded in Equity - Liabilities"
"7916","AS","DR/CR","CR"
"7917","AA","description","Level 3 - Transfers in/(out) of Level 3 - Liabilities"
"7917","AA","code and description","7917 - Level 3 - Transfers in/(out) of Level 3 - Liabilities"
"7917","AS","DR/CR","CR"
"7920","AA","description","Fair value - Level 3 reconciliation - Assets"
"7920","AA","code and description","7920 - Fair value - Level 3 reconciliation - Assets"
"7920","AS","DR/CR","DR"
"7920","AS","flat file","N"
"7921","AA","description","Level 3 - Opening balance - Assets"
"7921","AA","code and description","7921 - Level 3 - Opening balance - Assets"
"7921","AS","DR/CR","DR"
"7921","AS","flat file","N"
"7922","AA","description","Level 3 - Adjustments to opening balance - Assets"
"7922","AA","code and description","7922 - Level 3 - Adjustments to opening balance - Assets"
"7922","AS","DR/CR","DR"
"7923","AA","description","Level 3 - Purchases/payments - Assets"
"7923","AA","code and description","7923 - Level 3 - Purchases/payments - Assets"
"7923","AS","DR/CR","DR"
"7924","AA","description","Level 3 - Sales/repayments - Assets"
"7924","AA","code and description","7924 - Level 3 - Sales/repayments - Assets"
"7924","AS","DR/CR","CR"
"7925","AA","description","Level 3 - Gains/losses recorded in P&L - Assets"
"7925","AA","code and description","7925 - Level 3 - Gains/losses recorded in P&L - Assets"
"7925","AS","DR/CR","DR"
"7926","AA","description","Level 3 - Gains/losses recorded in Equity - Assets"
"7926","AA","code and description","7926 - Level 3 - Gains/losses recorded in Equity - Assets"
"7926","AS","DR/CR","DR"
"7927","AA","description","Level 3 - Transfers in/(out) of Level 3 - Assets"
"7927","AA","code and description","7927 - Level 3 - Transfers in/(out) of Level 3 - Assets"
"7927","AS","DR/CR","DR"
"Rules and feeders only","AS","flat file","N"
"006a","AS","flat file","N"
"007a","AS","flat file","N"
"Cash flow movement","AS","flat file","N"
"balance check","AS","flat file","N"
"balance sheet","AS","flat file","N"
"7604","AA","description","Plan 4"
"7604","AA","code and description","7604 - Plan 4"
"7604","AS","DR/CR","CR"
"7605","AA","description","Plan 5"
"7605","AA","code and description","7605 - Plan 5"
"7605","AS","DR/CR","CR"
"7300","AA","description","Asset Sales"
"7300","AA","code and description","7300 - Asset Sales"
"7300","AS","DR/CR","CR"
"7300","AS","flat file","N"
"7301","AA","description","Sale 1"
"7301","AA","code and description","7301 - Sale 1"
"7301","AS","DR/CR","CR"
"7302","AA","description","Sale 2"
"7302","AA","code and description","7302 - Sale 2"
"7302","AS","DR/CR","CR"
"7303","AA","description","Other Sales"
"7303","AA","code and description","7303 - Other Sales"
"7303","AS","DR/CR","CR"
"3200","AA","description","Government Securities"
"3200","AA","code and description","3200 - Government Securities"
"3200","AS","DR/CR","CR"
"3202","AA","description","All Securities"
"3202","AA","code and description","3202 - All Securities"
"3202","AS","DR/CR","CR"
"3203","AA","description","Total Book Tradeable Securities"
"3203","AA","code and description","3203 - Total Book Tradeable Securities"
"3203","AS","DR/CR","CR"
"3204","AA","description","Total Market Value Tradeable Securities"
"3204","AA","code and description","3204 - Total Market Value Tradeable Securities"
"3204","AS","DR/CR","CR"
"7901","AA","description","Identification of joint venture"
"7901","AA","code and description","7901 - Identification of joint venture"
"7901","AS","DR/CR","CR"
"7902","AA","description","Description of principal activities"
"7902","AA","code and description","7902 - Description of principal activities"
"7902","AS","DR/CR","CR"
"7903","AA","description","Percentage Interest percent"
"7903","AA","code and description","7903 - Percentage Interest percent"
"7903","AS","DR/CR","CR"
"7820","AA","description","Market Risk of Financial Instruments"
"7820","AA","code and description","7820 - Market Risk of Financial Instruments"
"7820","AS","DR/CR","CR"
"7820","AS","flat file","N"
"7830","AA","description","Interest Rate Risk"
"7830","AA","code and description","7830 - Interest Rate Risk"
"7830","AS","DR/CR","CR"
"7830","AS","flat file","N"
"7831","AA","description","IRR - Negative Impact on Profit or Loss"
"7831","AA","code and description","7831 - IRR - Negative Impact on Profit or Loss"
"7831","AS","DR/CR","CR"
"7832","AA","description","IRR - Positive Impact on Profit or Loss"
"7832","AA","code and description","7832 - IRR - Positive Impact on Profit or Loss"
"7832","AS","DR/CR","CR"
"7833","AA","description","IRR - Negative Impact on Equity"
"7833","AA","code and description","7833 - IRR - Negative Impact on Equity"
"7833","AS","DR/CR","CR"
"7834","AA","description","IRR - Positive Impact on Equity"
"7834","AA","code and description","7834 - IRR - Positive Impact on Equity"
"7834","AS","DR/CR","CR"
"7840","AA","description","Currency Risk"
"7840","AA","code and description","7840 - Currency Risk"
"7840","AS","DR/CR","CR"
"7840","AS","flat file","N"
"7847","AA","description","Fixed 3 to 4 yrs - Interest Rate Risk"
"7847","AA","code and description","7847 - Fixed 3 to 4 yrs - Interest Rate Risk"
"7847","AS","DR/CR","CR"
"7848","AA","description","Fixed 4 to 5 yrs - Interest Rate Risk"
"7848","AA","code and description","7848 - Fixed 4 to 5 yrs - Interest Rate Risk"
"7848","AS","DR/CR","CR"
"7810","AA","description","Fair Value of Financial Instruments"
"7810","AA","code and description","7800 - Fair Value of Financial Instruments"
"7810","AS","DR/CR","CR"
"7810","AS","flat file","N"
"7811","AA","description","7811 - Fair Value"
"7811","AA","code and description","7811 - Fair Value"
"7811","AS","DR/CR","CR"
"7812","AA","description","Carrying Amount"
"7812","AA","code and description","7812 - Carrying Amount"
"7812","AS","DR/CR","CR"
"7930","AA","description","At Cost, Accumulated Depreciation / Amortisation This Year"
"7930","AA","code and description","7930 - At Cost, Accumulated Depreciation / Amortisation This Year"
"7930","AS","DR/CR","CR"
"7950","AA","description","At Cost, Net Book Value 30 June Last Year"
"7950","AA","code and description","7950 - At Cost, Net Book Value 30 June Last Year"
"7950","AS","DR/CR","DR"
"7960","AA","description","At Cost, Gross 30 June Last Year"
"7960","AA","code and description","7960 - At Cost, Gross 30 June Last Year"
"7960","AS","DR/CR","DR"
"7970","AA","description","At Cost, Accumulated Depreciation / Amortisation Last Year"
"7970","AA","code and description","7970 - At Cost, Accumulated Depreciation / Amortisation Last Year"
"7970","AS","DR/CR","DR"
"7620","AA","description","Assets under Construction - NBV 30 June Last Year"
"7620","AA","code and description","7620 - Assets under Construction - NBV 30 June Last Year"
"3160","AA","description","Assets at Cost (Calculated)"
"3160","AA","code and description","3160 - Assets at Cost (Calculated)"
"3160","AS","DR/CR","DR"
"3160","AS","flat file","N"
"7450","AA","description","At Valuation, Net Book Value 30 June Last Year"
"7450","AA","code and description","7450 - At Valuation, Net Book Value 30 June Last Year"
"7450","AS","DR/CR","DR"
"7870","AA","description","Net Fair Value of Financial Instruments"
"7870","AA","code and description","7870 - Net Fair Value of Financial Instruments"
"7870","AS","DR/CR","CR"
