"7756","AA","CBMS prog","Financial Management (Finance)"
"7756","AA","CBMS prog and description","7756 - Financial Management (Finance)"
"7756","AA","description","Financial Management (Finance)"
"7756","AA","code and description","7756 - Financial Management (Finance)"
"7756.01","AA","description","Grants in Aid"
"7756.01","AA","code and description","7756.01 - Grants in Aid"
"7756.01","AS","CBMS Level Program","7756"
"7756.02","AA","description","Financial Framework"
"7756.02","AA","code and description","7756.02 - Financial Framework"
"7756.02","AS","CBMS Level Program","7756"
"7756.03","AA","description","Technology Services"
"7756.03","AA","code and description","7756.03 - Technology Services"
"7756.03","AS","CBMS Level Program","7756"
"7756.BAL","AA","code and description","7756.BAL - Balancing"
"7756.BAL","AS","CBMS Level Program","7756"
"7757","AA","CBMS prog","Government Business"
"7757","AA","CBMS prog and description","7757 - Government Business"
"7757","AA","description","Government Business"
"7757","AA","code and description","7757 - Program 2.1: Public Sector Governance - 7757A"
"7757.01","AA","description","Grant in Aid - Australian Institute of Policy and Science"
"7757.01","AA","code and description","7757.01 - Grant in Aid - Australian Institute of Policy and Science"
"7757.01","AS","CBMS Level Program","7757"
"7757.02","AA","description","Grant in Aid - Chifley Research Centre"
"7757.02","AA","code and description","7757.02 - Grant in Aid - Chifley Research Centre"
"7757.02","AS","CBMS Level Program","7757"
"7757.03","AA","description","Grant in Aid - Green Institute"
"7757.03","AA","code and description","7757.03 - Grant in Aid - Green Institute"
"7757.03","AS","CBMS Level Program","7757"
"7757.04","AA","description","Grant in Aid - Menzies Research Centre"
"7757.04","AA","code and description","7757.04 - Grant in Aid - Menzies Research Centre"
"7757.04","AS","CBMS Level Program","7757"
"7757.05","AA","description","Grant in Aid - Page Research Centre"
"7757.05","AA","code and description","7757.05 - Grant in Aid - Page Research Centre"
"7757.05","AS","CBMS Level Program","7757"
"7757.06","AA","description","Grant in Aid - Royal Humane Society of Australasia"
"7757.06","AA","code and description","7757.06 - Grant in Aid - Royal Humane Society of Australasia"
"7757.06","AS","CBMS Level Program","7757"
"7757.07","AA","description","Grant in Aid - RSPCA Australia Inc"
"7757.07","AA","code and description","7757.07 - Grant in Aid - RSPCA Australia Inc"
"7757.07","AS","CBMS Level Program","7757"
"7757.08","AA","description","DHA Borrowings Special Account"
"7757.08","AA","code and description","7757.08 - DHA Borrowings Special Account"
"7757.08","AS","CBMS Level Program","7757"
"7757.BAL","AA","code and description","7757.BAL - Balancing"
"7757.BAL","AS","CBMS Level Program","7757"
"7762","AA","CBMS prog","Public Sector Superannuation - Nominal Interest"
"7762","AA","CBMS prog and description","7762 - Public Sector Superannuation - Nominal Interest"
"7762","AA","code and description","7762"
"7762.01","AA","code and description","7762.01"
"7762.01","AS","CBMS Level Program","7762"
"7763","AA","CBMS prog","Public Sector Superannuation - Benefits"
"7763","AA","CBMS prog and description","7763 - Public Sector Superannuation - Benefits"
"7763","AA","description","Public Sector Superannuation - Benefits"
"7763","AA","code and description","7763 - Program 2.8: Public Sector Superannuation - 7763A"
"7763.01","AA","description","Act of Grace"
"7763.01","AA","code and description","7763.01 - Act of Grace"
"7763.01","AS","CBMS Level Program","7763"
"7763.02","AA","description","Compensation and legal expenses"
"7763.02","AA","code and description","7763.02 - Compensation and legal expenses"
"7763.02","AS","CBMS Level Program","7763"
"7763.03","AA","description","Superannuation administration costs"
"7763.03","AA","code and description","7763.03 - Superannuation administration costs"
"7763.03","AS","CBMS Level Program","7763"
"7763.04","AA","description","Federal Circuit Court of Australia Act 1999"
"7763.04","AA","code and description","7763.04 - Federal Circuit Court of Australia Act 1999"
"7763.04","AS","CBMS Level Program","7763"
"7763.05","AA","description","Governance of Australian Government Superannuation Schemes Act 2011"
"7763.05","AA","code and description","7763.05 - Governance of Australian Government Superannuation Schemes Act 2011"
"7763.05","AS","CBMS Level Program","7763"
"7763.06","AA","description","Governor-General Act 1974"
"7763.06","AA","code and description","7763.06 - Governor-General Act 1974"
"7763.06","AS","CBMS Level Program","7763"
"7763.07","AA","description","Judges' Pensions Act 1968"
"7763.07","AA","code and description","7763.07 - Judges' Pensions Act 1968"
"7763.07","AS","CBMS Level Program","7763"
"7763.08","AA","description","Parliamentary Contributory Superannuation Act 1948"
"7763.08","AA","code and description","7763.08 - Parliamentary Contributory Superannuation Act 1948"
"7763.08","AS","CBMS Level Program","7763"
"7763.09","AA","description","Parliamentary Superannuation Act 2004"
"7763.09","AA","code and description","7763.09 - Parliamentary Superannuation Act 2004"
"7763.09","AS","CBMS Level Program","7763"
"7763.10","AA","description","Same-Sex Relationships (Equal Treatment in Commonwealth Laws General Law Reform) Act 2008"
"7763.10","AA","code and description","7763.10 - Same-Sex Relationships (Equal Treatment in Commonwealth Laws General Law Reform) Act 2008"
"7763.10","AS","CBMS Level Program","7763"
"7763.11","AA","description","Superannuation Act 1922"
"7763.11","AA","code and description","7763.11 - Superannuation Act 1922"
"7763.11","AS","CBMS Level Program","7763"
"7763.12","AA","description","Superannuation Act 1976"
"7763.12","AA","code and description","7763.12 - Superannuation Act 1976"
"7763.12","AS","CBMS Level Program","7763"
"7763.13","AA","description","Superannuation Act 1990"
"7763.13","AA","code and description","7763.13 - Superannuation Act 1990"
"7763.13","AS","CBMS Level Program","7763"
"7763.14","AA","description","Law Officers"
"7763.14","AA","code and description","7763.14 - Law Officers"
"7763.14","AS","CBMS Level Program","7763"
"7763.15","AA","description","PSSAP"
"7763.15","AA","code and description","7763.15 - PSSAP"
"7763.15","AS","CBMS Level Program","7763"
"7763.16","AA","description","Super Mis Rev"
"7763.16","AA","code and description","7763.16 - Super Mis Rev"
"7763.16","AS","CBMS Level Program","7763"
"7763.BAL","AA","code and description","7763.BAL - Balancing"
"7763.BAL","AS","CBMS Level Program","7763"
"8300","AA","CBMS prog","Australian Government Investment Funds"
"8300","AA","CBMS prog and description","8300 - Australian Government Investment Funds"
"8300","AA","description","Australian Government Investment Funds"
"8300","AA","code and description","8300 - Program 2.9: Australian Government Investment Funds - 8300-A"
"8300.01","AA","description","DisabilityCare Australia Fund Special Account"
"8300.01","AA","code and description","8300.01 - DisabilityCare Australia Fund Special Account"
"8300.01","AS","CBMS Level Program","8300"
"8300.02","AA","description","Medical Research Future Fund Special Account"
"8300.02","AA","code and description","8300.02 - Medical Research Future Fund Special Account"
"8300.02","AS","CBMS Level Program","8300"
"8300.03","AA","description","Aboriginal and Torres Strait Islander Land and Sea Future Fund Special Account"
"8300.03","AA","code and description","8300.03 - Aboriginal and Torres Strait Islander Land and Sea Future Fund Special Account"
"8300.03","AS","CBMS Level Program","8300"
"8300.04","AA","description","Future Drought Fund Special Account"
"8300.04","AA","code and description","8300.04 - Future Drought Fund Special Account"
"8300.04","AS","CBMS Level Program","8300"
"8300.05","AA","description","Disaster Ready Fund Special Account"
"8300.05","AA","code and description","8300.05 - Disaster Ready Fund Special Account"
"8300.05","AS","CBMS Level Program","8300"
"8300.06","AA","description","Housing Australia Future Fund Special Account"
"8300.06","AA","code and description","8300.06 - Housing Australia Future Fund Special Account"
"8300.06","AS","CBMS Level Program","8300"
"8300.07","AA","code and description","8300.07 - Public Sector Superannuation"
"8300.07","AS","CBMS Level Program","8300"
"8300.08","AA","description","Building Aust Ad"
"8300.08","AA","code and description","8300.08 - Building Aust Ad"
"8300.08","AS","CBMS Level Program","8300"
"8300.09","AA","description","Education Investment Fund SA"
"8300.09","AA","code and description","8300.09 - Education Investment Fund SA"
"8300.09","AS","CBMS Level Program","8300"
"8300.10","AA","description","Health Hosp AD"
"8300.10","AA","code and description","8300.10 - Health Hosp AD"
"8300.10","AS","CBMS Level Program","8300"
"8300.BAL","AA","code and description","8300.BAL - Balancing"
"8300.BAL","AS","CBMS Level Program","8300"
"8477","AA","CBMS prog","Ministerial and Parliamentary Services"
"8477","AA","CBMS prog and description","8477 - Ministerial and Parliamentary Services"
"8477","AA","description","Ministerial and Parliamentary Services"
"8477","AA","code and description","8477 - Program 3.1: Ministerial and Parliamentary Services - 8477A"
"8477.01","AA","description","Electorate and ministerial support costs"
"8477.01","AA","code and description","8477.01 - Electorate and ministerial support costs"
"8477.01","AS","CBMS Level Program","8477"
"8477.02","AA","description","Australian Political Exchange Program"
"8477.02","AA","code and description","8477.02 - Australian Political Exchange Program"
"8477.02","AS","CBMS Level Program","8477"
"8477.03","AA","description","Australian Political Parties for Democracy Program"
"8477.03","AA","code and description","8477.03 - Australian Political Parties for Democracy Program"
"8477.03","AS","CBMS Level Program","8477"
"8477.04","AA","description","Australian Constitution s 66"
"8477.04","AA","code and description","8477.04 - Australian Constitution s 66"
"8477.04","AS","CBMS Level Program","8477"
"8477.05","AA","description","Parliamentary Business Resources Act 2017"
"8477.05","AA","code and description","8477.05 - Parliamentary Business Resources Act 2017"
"8477.05","AS","CBMS Level Program","8477"
"8477.06","AA","description","Services to Sentators, Members and their staff"
"8477.06","AA","code and description","8477.06 - Services to Sentators, Members and their staff"
"8477.06","AS","CBMS Level Program","8477"
"8477.07","AA","description","Mem Parl 2002 Ad"
"8477.07","AA","code and description","8477.07 - Mem Parl 2002 Ad"
"8477.07","AS","CBMS Level Program","8477"
"8477.BAL","AA","code and description","8477.BAL - Balancing"
"8477.BAL","AS","CBMS Level Program","8477"
"7758","AA","CBMS prog","FINANCE - Financial and Fiscal Affairs - Departmental - Outcome 1"
"7758","AA","CBMS prog and description","7758 - FINANCE - Financial and Fiscal Affairs - Departmental - Outcome 1"
"7758","AA","description","FINANCE - Financial and Fiscal Affairs - Departmental - Outcome 1"
"7758","AA","code and description","7758 - Program 1.1 Budget and Financial Management - 7758D"
"7758.01","AA","description","Budget Advice"
"7758.01","AA","code and description","7758.01 - Budget Advice"
"7758.01","AS","CBMS Level Program","7758"
"7758.02","AA","description","Financial Reporting"
"7758.02","AA","code and description","7758.02 - Financial Reporting"
"7758.02","AS","CBMS Level Program","7758"
"7758.BAL","AA","code and description","7758.BAL - Balancing"
"7758.BAL","AS","CBMS Level Program","7758"
"1123","AA","CBMS prog","FINANCE - Nuclear Powered Submarine Program - Outcome 2"
"1123","AA","CBMS prog and description","1123 - FINANCE - Nuclear Powered Submarine Program - Outcome 2"
"1123","AA","description","FINANCE - Nuclear Powered Submarine Program - Outcome 2"
"1123","AA","code and description","1123 - Program 2.10: Nuclear Powered Submarine Program Advice - 1123D"
"1123.01","AA","description","Advice"
"1123.01","AA","code and description","1123.01 - Advice"
"1123.01","AS","CBMS Level Program","1123"
"1123.BAL","AA","code and description","1123.BAL - Balancing"
"1123.BAL","AS","CBMS Level Program","1123"
"1248","AA","CBMS prog","Insurance and Risk management"
"1248","AA","CBMS prog and description","1248 - Insurance and Risk management"
"1248","AA","description","Insurance and Risk management"
"1248","AA","code and description","1248 - Program 2.4: Insurance and Risk Management - 1248D"
"1248.01","AA","description","Comcover Special Account"
"1248.01","AA","code and description","1248.01 - Comcover Special Account"
"1248.01","AS","CBMS Level Program","1248"
"1248.BAL","AA","code and description","1248.BAL - Balancing"
"1248.BAL","AS","CBMS Level Program","1248"
"7759","AA","CBMS prog","FINANCE - General Services - Departmental - Outcome 2"
"7759","AA","CBMS prog and description","7759 - FINANCE - General Services - Departmental - Outcome 2"
"7759","AA","description","FINANCE - General Services - Departmental - Outcome 2"
"7759","AA","code and description","7759 - FINANCE - General Services - Departmental - Outcome 2"
"7759.01","AA","code and description","7759.01 - Financial Framework - 2.1"
"7759.01","AS","CBMS Level Program","7759"
"7759.02","AA","description","Government Shareholder Oversight"
"7759.02","AA","code and description","7759.02 - Government Shareholder Oversight - 2.1"
"7759.02","AS","CBMS Level Program","7759"
"7759.03","AA","description","Special Financial Claims"
"7759.03","AA","code and description","7759.03 - Special Financial Claims - 2.1"
"7759.03","AS","CBMS Level Program","7759"
"7759.04","AA","description","Regulatory Reform"
"7759.04","AA","code and description","7759.04 - Regulatory Reform - 2.1"
"7759.04","AS","CBMS Level Program","7759"
"7759.05","AA","description","Digital and Data"
"7759.05","AA","code and description","7759.05 - Digital and Data - 2.1"
"7759.05","AS","CBMS Level Program","7759"
"7759.06","AA","description","Office of the National Data Commissioner"
"7759.06","AA","code and description","7759.06 - Office of the National Data Commissioner - 2.2"
"7759.06","AS","CBMS Level Program","7759"
"7759.07","AA","description","Procurement Framework"
"7759.07","AA","code and description","7759.07 - Procurement Framework - 2.5"
"7759.07","AS","CBMS Level Program","7759"
"7759.08","AA","code and description","7759.08 - Technology Services - 2.6"
"7759.08","AS","CBMS Level Program","7759"
"7759.09","AA","description","Public Sector Superannuation"
"7759.09","AA","code and description","7759.09 - Public Sector Superannuation - 2.6"
"7759.09","AS","CBMS Level Program","7759"
"7759.10","AA","description","Shared Services Transformation Program Office"
"7759.10","AA","code and description","7759.10 - Shared Services Transformation Program Office - 2.8"
"7759.10","AS","CBMS Level Program","7759"
"7759.11","AA","code and description","7759.11 - Public Sector Superannuation - 2.9"
"7759.11","AS","CBMS Level Program","7759"
"7759.12","AA","code and description","7759.12 - Program Support Costs"
"7759.12","AS","CBMS Level Program","7759"
"7759.13","AA","description","Technology Transformation"
"7759.13","AA","code and description","7759.13 - Technology Transformation"
"7759.13","AS","CBMS Level Program","7759"
"7759.BAL","AA","code and description","7759.BAL - Balancing"
"7759.BAL","AS","CBMS Level Program","7759"
"7761","AA","CBMS prog","Property and Construction"
"7761","AA","CBMS prog and description","7761 - Property and Construction"
"7761","AA","description","Property and Construction"
"7761","AA","code and description","7761 - Program 2.3: Property and Construction - 7761D"
"7761.01","AA","description","Property Special Account"
"7761.01","AA","code and description","7761.01 - Property Special Account"
"7761.01","AS","CBMS Level Program","7761"
"7761.BAL","AA","code and description","7761.BAL - Balancing"
"7761.BAL","AS","CBMS Level Program","7761"
"8299","AA","CBMS prog","Procurement Services"
"8299","AA","CBMS prog and description","8299 - Procurement Services"
"8299","AA","description","Procurement Services"
"8299","AA","code and description","8299 - Program 2.5: Procurement - 8299D"
"8299.01","AA","description","Coordinate Procurement Contracting Special Account"
"8299.01","AA","code and description","8299.01 - Coordinate Procurement Contracting Special Account"
"8299.01","AS","CBMS Level Program","8299"
"8299.BAL","AA","code and description","8299.BAL - Balancing"
"8299.BAL","AS","CBMS Level Program","8299"
"8393","AA","CBMS prog","Shared Services"
"8393","AA","CBMS prog and description","8393 - Shared Services"
"8393","AA","description","Shared Services"
"8393","AA","code and description","8393 - Program 2.7: Service Delivery Office - 8393D"
"8393.01","AA","description","SDO Special Account"
"8393.01","AA","code and description","8393.01 - SDO Special Account"
"8393.01","AS","CBMS Level Program","8393"
"8393.02","AA","description","Service Delivery"
"8393.02","AA","code and description","8393.02 - Service Delivery"
"8393.02","AS","CBMS Level Program","8393"
"8393.BAL","AA","code and description","8393.BAL - Balancing"
"8393.BAL","AS","CBMS Level Program","8393"
"8478","AA","CBMS prog","FINANCE - Legislative and Executive Affairs - Departmental - Outcome 3"
"8478","AA","CBMS prog and description","8478 - FINANCE - Legislative and Executive Affairs - Departmental - Outcome 3"
"8478","AA","description","FINANCE - Legislative and Executive Affairs - Departmental - Outcome 3"
"8478","AA","code and description","8478 - Program 3.1: Ministerial and Parliamentary Services - 8478D"
"8478.01","AA","description","Services to Senators, Members and their staff"
"8478.01","AA","code and description","8478.01 - Services to Senators, Members and their staff"
"8478.01","AS","CBMS Level Program","8478"
"8478.02","AA","code and description","8478.02 - Australian Constitution s 66"
"8478.02","AS","CBMS Level Program","8478"
"8478.03","AA","description","Parl Workplace Support Service"
"8478.03","AA","code and description","8478.03 - Parl Workplace Support Service"
"8478.03","AS","CBMS Level Program","8478"
"8478.04","AA","description","Car-w-driver and transport serv"
"8478.04","AA","code and description","8478.04 - Car-w-driver and transport serv"
"8478.04","AS","CBMS Level Program","8478"
"8478.BAL","AA","code and description","8478.BAL - Balancing"
"8478.BAL","AS","CBMS Level Program","8478"
"7777","AA","description","Program Support Costs"
"7777","AA","code and description","7777 - Program Support Costs"
"7777.01","AA","code and description","7777.01 - Program Support Costs"
"7777.01.01","AA","code and description","7777.01.01 - Program Support Costs - Data Entry"
