"-","AA","code and description","No_interagency"
"-","AA","description","Related Entity - Unallocated"
"-","AA","CBMS","No Related Entity"
"10000","AA","code and description","10000 - DOS"
"10000","AA","description","DOS"
"10100","AA","code and description","10100 - DHOR"
"10100","AA","description","DHOR"
"10500","AS","MA_Related Entity Template","X"
"10500","AA","code and description","10500 - AG"
"10500","AA","description","AG"
"10800","AS","MA_Related Entity Template","X"
"10800","AA","code and description","10800 - AFP"
"10800","AA","description","AFP"
"11000","AA","code and description","11000 - AUSTRAC"
"11000","AA","description","AUSTRAC"
"11100","AA","code and description","11100 - FAMC"
"11100","AA","description","FAMC"
"11200","AA","code and description","11200 - FEDCA"
"11200","AA","description","FEDCA"
"11300","AA","code and description","11300 - AHRC"
"11300","AA","description","AHRC"
"11400","AA","code and description","11400 - ACIC"
"11400","AA","description","ACIC"
"11600","AA","code and description","11600 - OPC"
"11600","AA","description","OPC"
"11700","AS","MA_Related Entity Template","X"
"11700","AA","code and description","11700 - DPP"
"11700","AA","description","DPP"
"12000","AS","MA_Related Entity Template","X"
"12000","AA","code and description","12000 - DCITA"
"12000","AA","description","DCITA"
"12100","AS","MA_Related Entity Template","X"
"12100","AA","code and description","12100 - NAA"
"12100","AA","description","NAA"
"12200","AS","MA_Related Entity Template","X"
"12200","AA","code and description","12200 - DEFENCE"
"12200","AA","description","DEFENCE"
"12300","AS","MA_Related Entity Template","X"
"12300","AA","code and description","12300 - DVA"
"12300","AA","description","DVA"
"12400","AS","MA_Related Entity Template","X"
"12400","AA","code and description","12400 - DEST"
"12400","AA","description","DEST"
"12500","AS","MA_Related Entity Template","X"
"12500","AA","code and description","12500 - DAFF"
"12500","AA","description","DAFF"
"12600","AS","MA_Related Entity Template","X"
"12600","AA","code and description","12600 - FINANCE"
"12600","AA","description","FINANCE"
"12700","AS","MA_Related Entity Template","X"
"12700","AA","code and description","12700 - AEC"
"12700","AA","description","AEC"
"12800","AS","MA_Related Entity Template","X"
"12800","AA","code and description","12800 - ANAO"
"12800","AA","description","ANAO"
"12900","AS","MA_Related Entity Template","X"
"12900","AA","code and description","12900 - Old Comsuper"
"12900","AA","description","Old Comsuper"
"13200","AS","MA_Related Entity Template","X"
"13200","AA","code and description","13200 - DFAT"
"13200","AA","description","DFAT"
"13300","AA","code and description","13300 - AusAID"
"13300","AA","description","AusAID"
"13600","AA","code and description","13600 - ACIAR"
"13600","AA","description","ACIAR"
"13700","AS","MA_Related Entity Template","X"
"13700","AA","code and description","13700 - HEALTH"
"13700","AA","description","HEALTH"
"13800","AA","code and description","13800 - PSR"
"13800","AA","description","PSR"
"13900","AS","MA_Related Entity Template","X"
"13900","AA","code and description","13900 - HOME"
"13900","AA","description","HOME"
"14100","AS","MA_Related Entity Template","X"
"14100","AA","code and description","14100 - IPA"
"14100","AA","description","IPA"
"14300","AS","MA_Related Entity Template","X"
"14300","AA","code and description","14300 - AGRI"
"14300","AA","description","AGRI"
"14400","AS","MA_Related Entity Template","X"
"14400","AA","code and description","14400 - PMC"
"14400","AA","description","PMC"
"14600","AA","code and description","14600 - OOSG"
"14600","AA","description","OOSG"
"14700","AA","code and description","14700 - OCO"
"14700","AA","description","OCO"
"14800","AA","code and description","14800 - OIGIS"
"14800","AA","description","OIGIS"
"14900","AA","code and description","14900 - ONI"
"14900","AA","description","ONI"
"15000","AS","MA_Related Entity Template","X"
"15000","AA","code and description","15000 - APSC"
"15000","AA","description","APSC"
"15100","AS","MA_Related Entity Template","X"
"15100","AA","code and description","15100 - DSS"
"15100","AA","description","DSS"
"15200","AS","MA_Related Entity Template","X"
"15200","AA","code and description","15200 - CENTRELINK"
"15200","AA","description","CENTRELINK"
"15300","AS","MA_Related Entity Template","X"
"15300","AA","code and description","15300 - INFRA"
"15300","AA","description","INFRA"
"15400","AA","code and description","15400 - NCAPA"
"15400","AA","description","NCAPA"
"15500","AS","MA_Related Entity Template","X"
"15500","AA","code and description","15500 - TREASURY"
"15500","AA","description","TREASURY"
"15600","AS","MA_Related Entity Template","X"
"15600","AA","code and description","15600 - ABS"
"15600","AA","description","ABS"
"15700","AS","MA_Related Entity Template","X"
"15700","AA","code and description","15700 - ATO"
"15700","AA","description","ATO"
"15800","AS","MA_Related Entity Template","X"
"15800","AA","code and description","15800 - ACCC"
"15800","AA","description","ACCC"
"15900","AA","code and description","15900 - NCC"
"15900","AA","description","NCC"
"16100","AS","MA_Related Entity Template","X"
"16100","AA","code and description","16100 - PC"
"16100","AA","description","PC"
"16400","AS","MA_Related Entity Template","X"
"16400","AA","code and description","16400 - WGEA"
"16400","AA","description","WGEA"
"17200","AA","code and description","17200 - CGC"
"17200","AA","description","CGC"
"17700","AS","MA_Related Entity Template","X"
"17700","AA","code and description","17700 - AFSA"
"17700","AA","description","AFSA"
"17800","AS","MA_Related Entity Template","X"
"17800","AA","code and description","17800 - CRIMTRAC"
"17800","AA","description","CRIMTRAC"
"17900","AA","code and description","17900 - DPS"
"17900","AA","description","DPS"
"18300","AS","MA_Related Entity Template","X"
"18300","AA","code and description","18300 - ARC"
"18300","AA","description","ARC"
"18500","AA","code and description","18500 - DCCEEW"
"18500","AA","description","DCCEEW"
"18600","AA","code and description","18600 - DEWR"
"18600","AA","description","DEWR"
"18700","AA","code and description","18700 - NEMA"
"18700","AA","description","NEMA"
"19800","AA","code and description","19800 - SMALL"
"19800","AA","description","SMALL"
"19900","AA","code and description","19900 - CNTRSV"
"19900","AA","description","CNTRSV"
"20400","AS","MA_Related Entity Template","X"
"20400","AA","code and description","20400 - AHL"
"20400","AA","description","AHL"
"20500","AA","code and description","20500 - AOFM"
"20500","AA","description","AOFM"
"20600","AA","code and description","20600 - GA"
"20600","AA","description","GA"
"20900","AS","MA_Related Entity Template","X"
"20900","AA","code and description","20900 - CSC"
"20900","AA","description","CSC"
"21100","AS","MA_Related Entity Template","X"
"21100","AA","code and description","21100 - BOM"
"21100","AA","description","BOM"
"21300","AA","code and description","21300 - NBA"
"21300","AA","description","NBA"
"21500","AA","code and description","21500 - ASPIL"
"21500","AA","description","ASPIL"
"21700","AA","code and description","21700 - IGT"
"21700","AA","description","IGT"
"21800","AA","code and description","21800 - SSRCA"
"21800","AA","description","SSRCA"
"21900","AS","MA_Related Entity Template","X"
"21900","AA","code and description","21900 - NOPSEMA"
"21900","AA","description","NOPSEMA"
"22000","AS","MA_Related Entity Template","X"
"22000","AA","code and description","22000 - SERVICES"
"22000","AA","description","SERVICES"
"22500","AA","code and description","22500 - AUASB"
"22500","AA","description","AUASB"
"22600","AA","code and description","22600 - FFMA"
"22600","AA","description","FFMA"
"22700","AA","code and description","22700 - ACMA"
"22700","AA","description","ACMA"
"22800","AA","code and description","22800 - MINT"
"22800","AA","description","MINT"
"23400","AA","code and description","23400 - CancerA"
"23400","AA","description","CancerA"
"23500","AA","code and description","23500 - ACLEI"
"23500","AA","description","ACLEI"
"23800","AA","code and description","23800 - DCCEE"
"23800","AA","description","DCCEE"
"23900","AS","MA_Related Entity Template","X"
"24100","AS","MA_Related Entity Template","X"
"24100","AA","code and description","24100 - COMMS"
"24100","AA","description","COMMS"
"24200","AS","MA_Related Entity Template","X"
"24200","AA","code and description","24200 - INDUSTRY"
"24200","AA","description","INDUSTRY"
"24400","AS","MA_Related Entity Template","X"
"24400","AA","code and description","24400 - RET"
"24400","AA","description","RET"
"24500","AA","code and description","24500 - AOTDTA"
"24500","AA","description","AOTDTA"
"24600","AA","code and description","24600 - ATSB"
"24600","AA","description","ATSB"
"24700","AA","code and description","24700 - FWC"
"24700","AA","description","FWC"
"24900","AA","code and description","24900 - SWA"
"24900","AA","description","SWA"
"25000","AA","code and description","25000 - DRALGAS"
"25000","AA","description","DRALGAS"
"25100","AA","code and description","25100 - OAIC"
"25100","AA","description","OAIC"
"25200","AA","code and description","25200 - ANPHA"
"25200","AA","description","ANPHA"
"25300","AA","code and description","25300 - CER"
"25300","AA","description","CER"
"25400","AA","code and description","25400 - CCA"
"25400","AA","description","CCA"
"25600","AA","code and description","25600 - NHPA"
"25600","AA","description","NHPA"
"25700","AA","code and description","25700 - IHACPA"
"25700","AA","description","IHACPA"
"25800","AA","code and description","25800 - NMHC"
"25800","AA","description","NMHC"
"25900","AA","code and description","25900 - PBO"
"25900","AA","description","PBO"
"26000","AA","code and description","26000 - ARENA"
"26000","AA","description","ARENA"
"26300","AA","code and description","26300 - NHFB"
"26300","AA","description","NHFB"
"30000","AA","code and description","30000 - EDUCATION"
"30000","AA","description","EDUCATION"
"30100","AA","code and description","30100 - EMPLOYMENT"
"30100","AA","description","EMPLOYMENT"
"30300","AA","code and description","30300 - DTA"
"30300","AA","description","DTA"
"30400","AA","code and description","30400 - FWOROCE"
"30400","AA","description","FWOROCE"
"40000","AA","code and description","40000 - AIC"
"40000","AA","description","AIC"
"40100","AA","code and description","40100 - ALRC"
"40100","AA","description","ALRC"
"40300","AA","code and description","40300 - HCA"
"40300","AA","description","HCA"
"40500","AA","code and description","40500 - ABC"
"40500","AA","description","ABC"
"40600","AA","code and description","40600 - Creative Australia"
"40600","AA","description","Creative Australia"
"40800","AA","code and description","40800 - AFTRS"
"40800","AA","description","AFTRS"
"41000","AA","code and description","41000 - ANMM"
"41000","AA","description","ANMM"
"41200","AA","code and description","41200 - BTRUST"
"41200","AA","description","BTRUST"
"41300","AA","code and description","41300 - NADC"
"41300","AA","description","NADC"
"41400","AA","code and description","41400 - GALLERY"
"41400","AA","description","GALLERY"
"41500","AS","MA_Related Entity Template","X"
"41500","AA","code and description","41500 - LIBRARY"
"41500","AA","description","LIBRARY"
"41600","AA","code and description","41600 - MUSEUM"
"41600","AA","description","MUSEUM"
"41700","AA","code and description","41700 - SBS"
"41700","AA","description","SBS"
"41800","AA","code and description","41800 - AAFCS"
"41800","AA","description","AAFCS"
"41900","AA","code and description","41900 - AMFRTF"
"41900","AA","description","AMFRTF"
"42000","AA","code and description","42000 - DHA"
"42000","AA","description","DHA"
"42300","AS","MA_Related Entity Template","X"
"42300","AA","code and description","42300 - AWM"
"42300","AA","description","AWM"
"42900","AA","code and description","42900 - DNP"
"42900","AA","description","DNP"
"43000","AA","code and description","43000 - GBRMPA"
"43000","AA","description","GBRMPA"
"43100","AS","MA_Related Entity Template","X"
"43100","AA","code and description","43100 - ATRADEC"
"43100","AA","description","ATRADEC"
"43200","AA","code and description","43200 - ACSAA"
"43200","AA","description","ACSAA"
"43300","AA","code and description","43300 - FSANZ"
"43300","AA","description","FSANZ"
"43500","AS","MA_Related Entity Template","X"
"43500","AA","code and description","43500 - AIHW"
"43500","AA","description","AIHW"
"43600","AS","MA_Related Entity Template","X"
"43600","AA","code and description","43600 - AIFS"
"43600","AA","description","AIFS"
"43700","AA","code and description","43700 - ARPANSA"
"43700","AA","description","ARPANSA"
"43800","AA","code and description","43800 - HIC"
"43800","AA","description","HIC"
"43900","AA","code and description","43900 - PHIAC"
"43900","AA","description","PHIAC"
"44000","AA","code and description","44000 - PHIO"
"44000","AA","description","PHIO"
"44300","AA","code and description","44300 - AIMS"
"44300","AA","description","AIMS"
"44500","AA","code and description","44500 - ANSTO"
"44500","AA","description","ANSTO"
"44600","AS","MA_Related Entity Template","X"
"44600","AA","code and description","44600 - ASPORTC"
"44600","AA","description","ASPORTC"
"44800","AA","code and description","44800 - ATG"
"44800","AA","description","ATG"
"45000","AA","code and description","45000 - CSIRO"
"45000","AA","description","CSIRO"
"45200","AA","code and description","45200 - AFMA"
"45200","AA","description","AFMA"
"45300","AA","code and description","45300 - NTC"
"45300","AA","description","NTC"
"45400","AA","code and description","45400 - ACSQHC"
"45400","AA","description","ACSQHC"
"45500","AA","code and description","45500 - ASQA (NVETR)"
"45500","AA","description","ASQA (NVETR)"
"45600","AA","code and description","45600 - CRDC"
"45600","AA","description","CRDC"
"45900","AA","code and description","45900 - FRDC"
"45900","AA","description","FRDC"
"46100","AA","code and description","46100 - GRDC"
"46100","AA","description","GRDC"
"46800","AA","code and description","46800 - APVMA"
"46800","AA","description","APVMA"
"46900","AA","code and description","46900 - WA"
"46900","AA","description","WA"
"47000","AA","code and description","47000 - RIRDC"
"47000","AA","description","RIRDC"
"47300","AS","MA_Related Entity Template","X"
"47300","AA","code and description","47300 - IBA"
"47300","AA","description","IBA"
"47500","AS","MA_Related Entity Template","X"
"47500","AA","code and description","47500 - AIATSIS"
"47500","AA","description","AIATSIS"
"47600","AS","MA_Related Entity Template","X"
"47600","AA","code and description","47600 - ILSC"
"47600","AA","description","ILSC"
"47700","AA","code and description","47700 - TSRA"
"47700","AA","description","TSRA"
"47800","AA","code and description","47800 - AITSL"
"47800","AA","description","AITSL"
"47900","AA","code and description","47900 - AMSA"
"47900","AA","description","AMSA"
"48000","AS","MA_Related Entity Template","X"
"48000","AA","code and description","48000 - CASA"
"48000","AA","description","CASA"
"48100","AS","MA_Related Entity Template","X"
"48100","AA","code and description","48100 - ASIC"
"48100","AA","description","ASIC"
"48500","AA","code and description","48500 - RAAFRTF"
"48500","AA","description","RAAFRTF"
"48600","AA","code and description","48600 - RAAFWTF"
"48600","AA","description","RAAFWTF"
"48700","AA","code and description","48700 - RANRTF"
"48700","AA","description","RANRTF"
"49100","AA","code and description","49100 - ALTC"
"49100","AA","description","ALTC"
"49200","AS","MA_Related Entity Template","X"
"49200","AA","code and description","49200 - Comcare"
"49200","AA","description","Comcare"
"49500","AA","code and description","49500 - APRA"
"49500","AA","description","APRA"
"49700","AA","code and description","49700 - AASB"
"49700","AA","description","AASB"
"49800","AA","code and description","49800 - CROWN"
"49800","AA","description","CROWN"
"50600","AA","code and description","50600 - IIFI"
"50600","AA","description","IIFI"
"50700","AA","code and description","50700 - IIFCM"
"50700","AA","description","IIFCM"
"50800","AA","code and description","50800 - IIFB"
"50800","AA","description","IIFB"
"50900","AA","code and description","50900 - IIFF"
"50900","AA","description","IIFF"
"51000","AA","code and description","51000 - SHFT"
"51000","AA","description","SHFT"
"51200","AA","code and description","51200 - GPET"
"51200","AA","description","GPET"
"51400","AA","code and description","51400 - IIFN"
"51400","AA","description","IIFN"
"51500","AA","code and description","51500 - TOURA"
"51500","AA","description","TOURA"
"51600","AA","code and description","51600 - NHMRC"
"51600","AA","description","NHMRC"
"52200","AA","code and description","52200 - RANCCB"
"52200","AA","description","RANCCB"
"52300","AA","code and description","52300 - MDBA"
"52300","AA","description","MDBA"
"52400","AA","code and description","52400 - ScreenAus"
"52400","AA","description","ScreenAus"
"52500","AA","code and description","52500 - NFSA"
"52500","AA","description","NFSA"
"52600","AA","code and description","52600 - OPH"
"52600","AA","description","OPH"
"52800","AA","code and description","52800 - AAFC"
"52800","AA","description","AAFC"
"52900","AA","code and description","52900 - RAAFWRC"
"52900","AA","description","RAAFWRC"
"53000","AA","code and description","53000 - ACARA"
"53000","AA","description","ACARA"
"53200","AA","code and description","53200 - ASF"
"53200","AA","description","ASF"
"53400","AA","code and description","53400 - HWA"
"53400","AA","description","HWA"
"53600","AA","code and description","53600 - OBS"
"53600","AA","description","OBS"
"53800","AA","code and description","53800 - TEQSA"
"53800","AA","description","TEQSA"
"53900","AA","code and description","53900 - CEFC"
"53900","AA","description","CEFC"
"54100","AA","code and description","54100 - NPG"
"54100","AA","description","NPG"
"54200","AS","MA_Related Entity Template","X"
"54200","AA","code and description","54200 - NDIA"
"54200","AA","description","NDIA"
"54300","AA","code and description","54300 - ASSEA"
"54300","AA","description","ASSEA"
"54400","AA","code and description","54400 - INFAUST"
"54400","AA","description","INFAUST"
"54500","AA","code and description","54500 - ADHA"
"54500","AA","description","ADHA"
"54600","AA","code and description","54600 - NAIF"
"54600","AA","description","NAIF"
"54800","AA","code and description","54800 - IPEA"
"54800","AA","description","IPEA"
"55000","AA","code and description","55000 - ANIPL"
"55000","AA","description","ANIPL"
"55500","AA","code and description","55500 - NDISQSC"
"55500","AA","description","NDISQSC"
"55600","AA","code and description","55600 - SHL"
"55600","AA","description","SHL"
"55900","AA","code and description","55900 - ASD"
"55900","AA","description","ASD"
"56000","AA","code and description","56000 - RIC"
"56000","AA","description","RIC"
"56200","AA","code and description","56200 - ACQSC"
"56200","AA","description","ACQSC"
"56400","AA","code and description","56400 - NQWIA"
"56400","AA","description","NQWIA"
"56500","AA","code and description","56500 - NFRA"
"56500","AA","description","NFRA"
"56600","AA","code and description","56600 - NIAA"
"56600","AA","description","NIAA"
"56700","AA","code and description","56700 - SIA"
"56700","AA","description","SIA"
"56800","AA","code and description","56800 - OSI"
"56800","AA","description","OSI"
"57000","AA","code and description","57000 - DFSVC"
"57000","AA","description","DFSVC"
"57100","AA","code and description","57100 - NTAIC"
"57100","AA","description","NTAIC"
"57500","AA","code and description","57500 - NRFC"
"57500","AA","description","NRFC"
"57600","AA","code and description","57600 - ASUBA"
"57600","AA","description","ASUBA"
"57700","AA","code and description","57700 - PWSS"
"57700","AA","description","PWSS"
"57800","AA","code and description","57800 - OIGAC"
"57800","AA","description","OIGAC"
"57900","AA","code and description","57900 - CEAPL"
"57900","AA","description","CEAPL"
"70100","AA","code and description","70100 - AusPost"
"70100","AA","description","AusPost"
"71800","AA","code and description","71800 - ASA"
"71800","AA","description","ASA"
"72000","AA","code and description","72000 - AHSA"
"72000","AA","description","AHSA"
"72200","AS","MA_Related Entity Template","X"
"72200","AA","code and description","72200 - AGS"
"72200","AA","description","AGS"
"72600","AA","code and description","72600 - ASCPL"
"72600","AA","description","ASCPL"
"80500","AA","code and description","80500 - RBA"
"80500","AA","description","RBA"
"99100","AA","code and description","99100 - Unallocated"
"99100","AA","description","Unallocated"
"10600","AA","code and description","10600 - AAT"
"10600","AA","description","AAT"
"10900","AA","code and description","10900 - ASIO"
"10900","AA","description","ASIO"
