"A001","AS","CBMS-R Flag","Y"
"A001","AA","code and description","A001 - Ordinary Annual Services of the Government"
"A001","AA","description","Ordinary Annual Services of the Government"
"A001","AA","CBMS-R Code","A001"
"A001","AS","approp item code required","Y"
"A002","AS","CBMS-R Flag","Y"
"A002","AA","code and description","A002 - Other than Ordinary Annual Services of the Government"
"A002","AA","description","Other than Ordinary Annual Services of the Government"
"A002","AA","CBMS-R Code","A002"
"A002","AS","approp item code required","Y"
"A003","AS","CBMS-R Flag","Y"
"A003","AA","code and description","A003 - Expenditure in Relation to the Parliamentary Departments"
"A003","AA","description","Expenditure in Relation to the Parliamentary Departments"
"A003","AA","CBMS-R Code","A003"
"A003","AS","disabled","Y"
"A003","AS","approp item code required","Y"
"A004","AS","CBMS-R Flag","Y"
"A004","AA","code and description","A004 - Advance to the Finance Minister (AFM)"
"A004","AA","description","Advance to the Finance Minister (AFM)"
"A004","AA","CBMS-R Code","A004"
"A004","AS","disabled","Y"
"A004","AS","approp item code required","Y"
"A005","AS","CBMS-R Flag","Y"
"A005","AA","code and description","A005 - Advance to the responsible Presiding Officer (APO)"
"A005","AA","description","Advance to the responsible Presiding Officer (APO)"
"A005","AA","CBMS-R Code","A005"
"A005","AS","disabled","Y"
"A005","AS","approp item code required","Y"
"A006","AS","CBMS-R Flag","Y"
"A006","AA","code and description","A006 - Ordinary Annual Services of the Government - Ad-hoc"
"A006","AA","description","Ordinary Annual Services of the Government - Ad-hoc"
"A006","AA","CBMS-R Code","A006"
"A006","AS","approp item code required","Y"
"A007","AS","CBMS-R Flag","Y"
"A007","AA","code and description","A007 - Other than Ordinary Annual Services of the Government - Ad-hoc"
"A007","AA","description","Other than Ordinary Annual Services of the Government - Ad-hoc"
"A007","AA","CBMS-R Code","A007"
"A007","AS","approp item code required","Y"
"A008","AS","CBMS-R Flag","Y"
"A008","AA","code and description","A008 - Not used"
"A008","AA","description","Not used"
"A008","AA","CBMS-R Code","A008"
"A008","AS","disabled","Y"
"A008","AS","approp item code required","Y"
"A009","AS","CBMS-R Flag","Y"
"A009","AA","code and description","A009 - GST Increase to Appropriations"
"A009","AA","description","GST Increase to Appropriations"
"A009","AA","CBMS-R Code","A009"
"A009","AS","approp item code required","Y"
"A010","AS","CBMS-R Flag","Y"
"A010","AA","code and description","A010 - Nil Appropriation Impact"
"A010","AA","description","Nil Appropriation Impact"
"A010","AA","CBMS-R Code","A010"
"A010","AS","approp item code required","Y"
"Special Appropriation","AS","CBMS-R Flag","Y"
"Special Appropriation","AA","code and description","A100 - Special Appropriation"
"Special Appropriation","AA","description","Special Appropriation"
"Special Appropriation","AA","CBMS-R Code","A100"
"Special Appropriation","AS","approp item code required","Y"
"A200","AS","CBMS-R Flag","Y"
"A200","AA","code and description","A200 - Special Account by Determination"
"A200","AA","description","Special Account by Determination"
"A200","AA","CBMS-R Code","A200"
"A200","AS","approp item code required","Y"
"A300","AS","CBMS-R Flag","Y"
"A300","AA","code and description","A300 - Special Account by Act"
"A300","AA","description","Special Account by Act"
"A300","AA","CBMS-R Code","A300"
"A300","AS","approp item code required","Y"
"Administered Revenue","AA","description","Administered Revenue"
"Administered Revenue","AS","disabled","Y"
"Administered Revenue","AS","approp item code required","Y"
"Approp (Economic Security) Bill (No.1) 08-09","AA","description","Approp (Economic Security) Bill (No.1) 08-09"
"Approp (Economic Security) Bill (No.1) 08-09","AS","disabled","Y"
"Appropriation (NTER) Bill (No. 1) 2007-2008","AA","description","Appropriation (NTER) Bill (No. 1) 2007-2008"
"Appropriation (NTER) Bill (No. 1) 2007-2008","AS","disabled","Y"
"Appropriation (Regional Telecommunications Services) Bill 2005-2006","AA","description","Appropriation (Regional Telecommunications Services) Bill 2005-2006"
"Appropriation (Regional Telecommunications Services) Bill 2005-2006","AS","disabled","Y"
"Appropriation Bill 1","AA","description","Appropriation Bill 1"
"Appropriation Bill 1","AS","CBMS-R Approp Item Mapping","A001-00001-05000"
"Appropriation Bill 1","AS","CBMS-R Approp Type Mapping","A001"
"Appropriation Bill 1","AS","disabled","Y"
"Appropriation Bill 1 - Capital Budget (DCB) - - Non Operating","AA","description","Appropriation Bill 1 - Capital Budget (DCB) - - Non Operating"
"Appropriation Bill 1 - Capital Budget (DCB) - - Non Operating","AS","CBMS-R Approp Item Mapping","A001-00001-05001"
"Appropriation Bill 1 - Capital Budget (DCB) - - Non Operating","AS","CBMS-R Approp Type Mapping","A001"
"Appropriation Bill 1 - Capital Budget (DCB) - - Non Operating","AS","disabled","Y"
"Appropriation Bill 2 - New Administered Expenses","AA","description","Appropriation Bill 2 - New Administered Expenses"
"Appropriation Bill 2 - New Administered Expenses","AS","CBMS-R Approp Item Mapping","A002-00005-05003"
"Appropriation Bill 2 - New Administered Expenses","AS","CBMS-R Approp Type Mapping","A002"
"Appropriation Bill 2 - New Administered Expenses","AS","disabled","Y"
"Appropriation Bill 2 - SPP","AA","description","Appropriation Bill 2 - SPP"
"Appropriation Bill 2 - SPP","AS","CBMS-R Approp Item Mapping","A002-00005-05002"
"Appropriation Bill 2 - SPP","AS","CBMS-R Approp Type Mapping","A002"
"Appropriation Bill 2 - SPP","AS","disabled","Y"
"Appropriation Bill 3","AA","description","Appropriation Bill 3"
"Appropriation Bill 3","AS","CBMS-R Approp Item Mapping","A001-00002-05000"
"Appropriation Bill 3","AS","CBMS-R Approp Type Mapping","A001"
"Appropriation Bill 3","AS","disabled","Y"
"Appropriation Bill 4 - New Administered Expenses","AA","description","Appropriation Bill 4 - New Administered Expenses"
"Appropriation Bill 4 - New Administered Expenses","AS","CBMS-R Approp Item Mapping","A002-00006-05003"
"Appropriation Bill 4 - New Administered Expenses","AS","CBMS-R Approp Type Mapping","A002"
"Appropriation Bill 4 - New Administered Expenses","AS","disabled","Y"
"Appropriation Bill 4 - SPP","AA","description","Appropriation Bill 4 - SPP"
"Appropriation Bill 4 - SPP","AS","CBMS-R Approp Item Mapping","A002-00006-05002"
"Appropriation Bill 4 - SPP","AS","CBMS-R Approp Type Mapping","A002"
"Appropriation Bill 4 - SPP","AS","disabled","Y"
"Appropriation Bill 5","AA","description","Appropriation Bill 5"
"Appropriation Bill 5","AS","CBMS-R Approp Item Mapping","A001-00003-05000"
"Appropriation Bill 5","AS","CBMS-R Approp Type Mapping","A001"
"Appropriation Bill 5","AS","disabled","Y"
"Appropriation Bill 6 - New Administered Expenses","AA","description","Appropriation Bill 6 - New Administered Expenses"
"Appropriation Bill 6 - New Administered Expenses","AS","CBMS-R Approp Item Mapping","A002-00007-05003"
"Appropriation Bill 6 - New Administered Expenses","AS","CBMS-R Approp Type Mapping","A002"
"Appropriation Bill 6 - New Administered Expenses","AS","disabled","Y"
"Appropriation Bill 6 - SPP","AA","description","Appropriation Bill 6 - SPP"
"Appropriation Bill 6 - SPP","AS","CBMS-R Approp Item Mapping","A002-00007-05002"
"Appropriation Bill 6 - SPP","AS","CBMS-R Approp Type Mapping","A002"
"Appropriation Bill 6 - SPP","AS","disabled","Y"
"Appropriation Type - Unallocated","AA","description","Appropriation Type - Unallocated"
"Appropriation Type - Unallocated","AS","CBMS-R Approp Item Mapping","A010-00014-01436"
"Appropriation Type - Unallocated","AS","CBMS-R Approp Type Mapping","A010"
"Appropriation Type - Unallocated","AS","disabled","Y"
"Bill 2 - Non Operating - Administered Assets and Liabilities","AA","description","Bill 2 - Non Operating - Administered Assets and Liabilities"
"Bill 2 - Non Operating - Administered Assets and Liabilities","AS","CBMS-R Approp Item Mapping","A002-00005-05005"
"Bill 2 - Non Operating - Administered Assets and Liabilities","AS","CBMS-R Approp Type Mapping","A002"
"Bill 2 - Non Operating - Administered Assets and Liabilities","AS","disabled","Y"
"Bill 2 - Non Operating - Equity Injection","AA","description","Bill 2 - Non Operating - Equity Injection"
"Bill 2 - Non Operating - Equity Injection","AS","CBMS-R Approp Item Mapping","A002-00005-05004"
"Bill 2 - Non Operating - Equity Injection","AS","CBMS-R Approp Type Mapping","A002"
"Bill 2 - Non Operating - Equity Injection","AS","disabled","Y"
"Bill 2 - Non Operating - Loan","AA","description","Bill 2 - Non Operating - Loan"
"Bill 2 - Non Operating - Loan","AS","CBMS-R Approp Item Mapping","A002-00005-05007"
"Bill 2 - Non Operating - Loan","AS","CBMS-R Approp Type Mapping","A002"
"Bill 2 - Non Operating - Loan","AS","disabled","Y"
"Bill 2 - Non Operating - Previous Years Outputs","AA","description","Bill 2 - Non Operating - Previous Years Outputs"
"Bill 2 - Non Operating - Previous Years Outputs","AS","disabled","Y"
"Bill 4 - Non Operating - Administered Assets and Liabilities","AA","description","Bill 4 - Non Operating - Administered Assets and Liabilities"
"Bill 4 - Non Operating - Administered Assets and Liabilities","AS","CBMS-R Approp Item Mapping","A002-00006-05005"
"Bill 4 - Non Operating - Administered Assets and Liabilities","AS","CBMS-R Approp Type Mapping","A002"
"Bill 4 - Non Operating - Administered Assets and Liabilities","AS","disabled","Y"
"Bill 4 - Non Operating - Equity Injection","AA","description","Bill 4 - Non Operating - Equity Injection"
"Bill 4 - Non Operating - Equity Injection","AS","CBMS-R Approp Item Mapping","A002-00006-05004"
"Bill 4 - Non Operating - Equity Injection","AS","CBMS-R Approp Type Mapping","A002"
"Bill 4 - Non Operating - Equity Injection","AS","disabled","Y"
"Bill 4 - Non Operating - Loan","AA","description","Bill 4 - Non Operating - Loan"
"Bill 4 - Non Operating - Loan","AS","CBMS-R Approp Item Mapping","A002-00006-05007"
"Bill 4 - Non Operating - Loan","AS","CBMS-R Approp Type Mapping","A002"
"Bill 4 - Non Operating - Loan","AS","disabled","Y"
"Bill 4 - Non Operating - Previous Years Outputs","AA","description","Bill 4 - Non Operating - Previous Years Outputs"
"Bill 4 - Non Operating - Previous Years Outputs","AS","disabled","Y"
"Bill 6 - Non Operating - Administered Assets and Liabilities","AA","description","Bill 6 - Non Operating - Administered Assets and Liabilities"
"Bill 6 - Non Operating - Administered Assets and Liabilities","AS","CBMS-R Approp Item Mapping","A002-00007-05005"
"Bill 6 - Non Operating - Administered Assets and Liabilities","AS","CBMS-R Approp Type Mapping","A002"
"Bill 6 - Non Operating - Administered Assets and Liabilities","AS","disabled","Y"
"Bill 6 - Non Operating - Equity Injection","AA","description","Bill 6 - Non Operating - Equity Injection"
"Bill 6 - Non Operating - Equity Injection","AS","CBMS-R Approp Item Mapping","A002-00007-05004"
"Bill 6 - Non Operating - Equity Injection","AS","CBMS-R Approp Type Mapping","A002"
"Bill 6 - Non Operating - Equity Injection","AS","disabled","Y"
"Bill 6 - Non Operating - Loan","AA","description","Bill 6 - Non Operating - Loan"
"Bill 6 - Non Operating - Loan","AS","CBMS-R Approp Item Mapping","A002-00007-05007"
"Bill 6 - Non Operating - Loan","AS","CBMS-R Approp Type Mapping","A002"
"Bill 6 - Non Operating - Loan","AS","disabled","Y"
"Bill 6 - Non Operating - Previous Years Outputs","AA","description","Bill 6 - Non Operating - Previous Years Outputs"
"Bill 6 - Non Operating - Previous Years Outputs","AS","disabled","Y"
"Departmental Revenue","AA","description","Departmental Revenue"
"Departmental Revenue","AS","disabled","Y"
"Departmental Revenue","AS","approp item code required","Y"
"GST payments (s30A FMA)","AA","description","GST payments (s30A FMA)"
"GST payments (s30A FMA)","AS","CBMS-R Approp Item Mapping","A009-00013-05006"
"GST payments (s30A FMA)","AS","CBMS-R Approp Type Mapping","A009"
"GST payments (s30A FMA)","AS","disabled","Y"
"Other Receipts from Independent Sources","AA","description","Other Receipts from Independent Sources"
"Other Receipts from Independent Sources","AS","disabled","Y"
"Other Receipts from Independent Sources","AS","approp item code required","Y"
"Other Receipts from Independent Sources (CAC entities only)","AA","description","Other Receipts from Independent Sources (CAC entities only)"
"Other Receipts from Independent Sources (CAC entities only)","AS","disabled","Y"
"Parl Bill 1 - Non Operating - Administered Assets and Liabilities","AA","description","Parl Bill 1 - Non Operating - Administered Assets and Liabilities"
"Parl Bill 1 - Non Operating - Administered Assets and Liabilities","AS","CBMS-R Approp Item Mapping","A003-00009-05005"
"Parl Bill 1 - Non Operating - Administered Assets and Liabilities","AS","CBMS-R Approp Type Mapping","A003"
"Parl Bill 1 - Non Operating - Administered Assets and Liabilities","AS","disabled","Y"
"Parl Bill 1 - Non Operating - Equity Injection","AA","description","Parl Bill 1 - Non Operating - Equity Injection"
"Parl Bill 1 - Non Operating - Equity Injection","AS","CBMS-R Approp Item Mapping","A003-00009-05004"
"Parl Bill 1 - Non Operating - Equity Injection","AS","CBMS-R Approp Type Mapping","A003"
"Parl Bill 1 - Non Operating - Equity Injection","AS","disabled","Y"
"Parl Bill 1 - Non Operating - Loan","AA","description","Parl Bill 1 - Non Operating - Loan"
"Parl Bill 1 - Non Operating - Loan","AS","CBMS-R Approp Item Mapping","A003-00009-05007"
"Parl Bill 1 - Non Operating - Loan","AS","CBMS-R Approp Type Mapping","A003"
"Parl Bill 1 - Non Operating - Loan","AS","disabled","Y"
"Parl Bill 1 - Non Operating - Previous Years Outputs","AA","description","Parl Bill 1 - Non Operating - Previous Years Outputs"
"Parl Bill 1 - Non Operating - Previous Years Outputs","AS","disabled","Y"
"Parl Bill 2 - Non Operating - Administered Assets and Liabilities","AA","description","Parl Bill 2 - Non Operating - Administered Assets and Liabilities"
"Parl Bill 2 - Non Operating - Administered Assets and Liabilities","AS","CBMS-R Approp Item Mapping","A003-00010-05005"
"Parl Bill 2 - Non Operating - Administered Assets and Liabilities","AS","CBMS-R Approp Type Mapping","A003"
"Parl Bill 2 - Non Operating - Administered Assets and Liabilities","AS","disabled","Y"
"Parl Bill 2 - Non Operating - Equity Injection","AA","description","Parl Bill 2 - Non Operating - Equity Injection"
"Parl Bill 2 - Non Operating - Equity Injection","AS","CBMS-R Approp Item Mapping","A003-00010-05004"
"Parl Bill 2 - Non Operating - Equity Injection","AS","CBMS-R Approp Type Mapping","A003"
"Parl Bill 2 - Non Operating - Equity Injection","AS","disabled","Y"
"Parl Bill 2 - Non Operating - Loan","AA","description","Parl Bill 2 - Non Operating - Loan"
"Parl Bill 2 - Non Operating - Loan","AS","CBMS-R Approp Item Mapping","A003-00010-05007"
"Parl Bill 2 - Non Operating - Loan","AS","CBMS-R Approp Type Mapping","A003"
"Parl Bill 2 - Non Operating - Loan","AS","disabled","Y"
"Parl Bill 2 - Non Operating - Previous Years Outputs","AA","description","Parl Bill 2 - Non Operating - Previous Years Outputs"
"Parl Bill 2 - Non Operating - Previous Years Outputs","AS","disabled","Y"
"Parliamentary Appropriation Bill 1","AA","description","Parliamentary Appropriation Bill 1"
"Parliamentary Appropriation Bill 1","AS","CBMS-R Approp Item Mapping","A003-00009-05000"
"Parliamentary Appropriation Bill 1","AS","CBMS-R Approp Type Mapping","A003"
"Parliamentary Appropriation Bill 1","AS","disabled","Y"
"Parliamentary Appropriation Bill 2","AA","description","Parliamentary Appropriation Bill 2"
"Parliamentary Appropriation Bill 2","AS","CBMS-R Approp Item Mapping","A003-00010-05000"
"Parliamentary Appropriation Bill 2","AS","CBMS-R Approp Type Mapping","A003"
"Parliamentary Appropriation Bill 2","AS","disabled","Y"
"Parliamentary Appropriation Bill 1 - Capital Budget (DCB) - - Non Operating","AA","description","Parliamentary Appropriation Bill 1 - Capital Budget (DCB) - - Non Operating"
"Parliamentary Appropriation Bill 1 - Capital Budget (DCB) - - Non Operating","AS","CBMS-R Approp Item Mapping","A003-00009-05001"
"Parliamentary Appropriation Bill 1 - Capital Budget (DCB) - - Non Operating","AS","CBMS-R Approp Type Mapping","A003"
"Parliamentary Appropriation Bill 1 - Capital Budget (DCB) - - Non Operating","AS","disabled","Y"
"Receipts from Independent Sources (Appropriation)","AA","description","Receipts from Independent Sources (Appropriation)"
"Receipts from Independent Sources (Appropriation)","AS","disabled","Y"
"Receipts from Independent Sources (Appropriation)","AS","approp item code required","Y"
"Receipts from Independent Sources (Revenue Authority)","AA","description","Receipts from Independent Sources (Revenue Authority)"
"Receipts from Independent Sources (Revenue Authority)","AS","disabled","Y"
"Receipts from Independent Sources (Revenue Authority)","AS","approp item code required","Y"
"Refunds of Receipts (s28 FMA)","AA","description","Refunds of Receipts (s28 FMA)"
"Refunds of Receipts (s28 FMA)","AS","disabled","Y"
"Retained Prior Years Appropriation","AA","description","Retained Prior Years Appropriation"
"Retained Prior Years Appropriation","AS","disabled","Y"
"Retained Prior Years Appropriation","AS","approp item code required","Y"
"Special Account","AA","description","Special Account"
"Special Account","AS","disabled","Y"
"Special Account","AS","approp item code required","Y"
"Special Capital Appropriation","AA","description","Special Capital Appropriation"
"Special Capital Appropriation","AS","disabled","Y"
"Special Capital Appropriation","AS","approp item code required","Y"
"Special Public Money / Assets Held in Trust","AA","description","Special Public Money / Assets Held in Trust"
"Special Public Money / Assets Held in Trust","AS","disabled","Y"
"Special Public Money / Assets Held in Trust","AS","approp item code required","Y"
"Supply Bill 1","AA","description","Supply Bill 1"
"Supply Bill 1","AS","disabled","Y"
"Supply Bill 2","AA","description","Supply Bill 2"
"Supply Bill 2","AS","disabled","Y"
"Receipts/Payments from/to Independent Sources - FMA Act s31, FMA Reg 15 - F2008C00384 (FMA only)","AA","description","Receipts/Payments from/to Independent Sources - FMA Act s31, FMA Reg 15 - F2008C00384 (FMA only)"
"Receipts/Payments from/to Independent Sources - FMA Act s31, FMA Reg 15 - F2008C00384 (FMA only)","AS","disabled","Y"
"2016-17 only - Residual Appropriation Bill 1","AS","disabled","Y"
"2016-17 only - Residual Appropriation Bill 1 - Capital Budget (DCB) - - Non Operating","AS","disabled","Y"
"2016-17 only - Residual Appropriation Bill 2 - Non Operating - Equity Injection","AS","disabled","Y"
"2016-17 only - Residual Appropriation Bill 2 - SPP","AS","disabled","Y"
"Appropriation Type - Unallocated - Capital Budget (DCB) - - Non Operating","AS","disabled","Y"
"Supply Bill 2 - SPP","AS","disabled","Y"
"Supply Bill 1 - Capital Budget (DCB) - - Non Operating","AS","disabled","Y"
"Supply Bill 2 - Non Operating - Equity Injection","AS","disabled","Y"
