"1067","AA","description","Reducing Australia's Greenhouse Gas Emissions"
"1067","AA","code and description","1067 - Reducing Australia's Greenhouse Gas Emissions"
"1067","AS","CBMS Level Program","Y"
"1067.01.01","AA","DAFF Original","2:01-01"
"1067.01.01","AA","description","Independent Scientific Committee on Wind Turbines"
"1067.01.01","AA","code and description","1067.01.01 - Independent Scientific Committee on Wind Turbines"
"1067.01.02","AA","DAFF Original","2:01-02"
"1067.01.02","AA","description","Solar Programs"
"1067.01.02","AA","code and description","1067.01.02 - Solar Programs"
"1067.01.03","AA","DAFF Original","2:01-03"
"1067.01.03","AA","description","2:01-03 - Balance Sheet"
"1067.01.03","AA","code and description","1067.01.03 - 2:01-03 - Balance Sheet"
"1067.01.04","AA","DAFF Original","2:01-04"
"1067.01.04","AA","description","Hydrogen Strategy and Implementation (now in 1069)"
"1067.01.04","AA","code and description","1067.01.04 - Hydrogen Strategy and Implementation"
"1067.01.05","AA","DAFF Original","2:01-05"
"1067.01.05","AA","description","Biofuels - Monitoring, Compliance and Enforcement for Fuel Quality"
"1067.01.05","AA","code and description","1067.01.05 - Biofuels - Monitoring, Compliance and Enforcement for Fuel Quality"
"1067.01.06","AA","DAFF Original","2:01-06"
"1067.01.06","AA","description","Activating Regional Hydrogen Export Hubs"
"1067.01.06","AA","code and description","1067.01.06 - Activating Regional Hydrogen Export Hubs"
"1067.01.07","AA","DAFF Original","2:01-09"
"1067.01.07","AA","description","Soil Carbon and Livestock Methane"
"1067.01.07","AA","code and description","1067.01.07 - Soil Carbon and Livestock Methane"
"1067.01.08","AA","DAFF Original","2:01-12"
"1067.01.08","AA","description","Carbon Capture, Use and Storage Development Fund"
"1067.01.08","AA","code and description","1067.01.08 - Carbon Capture, Use and Storage Development Fund"
"1067.01.09","AA","DAFF Original","2:01-13"
"1067.01.09","AA","description","Emissions Reduction Communications"
"1067.01.09","AA","code and description","1067.01.09 - Emissions Reduction Communications"
"1067.01.10","AA","DAFF Original","2:01-14"
"1067.01.10","AA","description","National Soil Carbon Innovation Challenge"
"1067.01.10","AA","code and description","1067.01.10 - National Soil Carbon Innovation Challenge"
"1067.01.11","AA","DAFF Original","2:01-15"
"1067.01.11","AA","description","Program 2.1 - GST"
"1067.01.11","AA","code and description","1067.01.11 - Program 2.1 - GST"
"1067.01.12","AA","DAFF Original","2:01-16"
"1067.01.12","AA","description","Strategic International Partnerships"
"1067.01.12","AA","code and description","1067.01.12 - Strategic International Partnerships"
"1067.01.13","AA","DAFF Original","2:01-17"
"1067.01.13","AA","description","Australia Pacific Partnership for Energy Transition"
"1067.01.13","AA","code and description","1067.01.13 - Australia Pacific Partnership for Energy Transition"
"1067.01.14","AA","DAFF Original","2:01-18"
"1067.01.14","AA","description","Regional Clean Hydrogen Hubs Investment"
"1067.01.14","AA","code and description","1067.01.14 - Regional Clean Hydrogen Hubs Investment"
"1067.01.15","AA","DAFF Original","2:01-19"
"1067.01.15","AA","description","Carbon Capture, Use and Storage Hubs and Technologies Investment"
"1067.01.15","AA","code and description","1067.01.15 - Carbon Capture, Use and Storage Hubs and Technologies Investment"
"1067.01.16","AA","DAFF Original","2:01-20"
"1067.01.16","AA","description","Reducing Methane Emissions Through Innovative Technologies"
"1067.01.16","AA","code and description","1067.01.16 - Reducing Methane Emissions Through Innovative Technologies"
"1067.01.17","AA","DAFF Original","2:01-21"
"1067.01.17","AA","description","Fugitive Methane Technology Fund"
"1067.01.17","AA","code and description","1067.01.17 - Fugitive Methane Technology Fund"
"1067.01.18","AA","DAFF Original","2:01-22"
"1067.01.18","AA","description","Methane Emissions Reduction in Livestock Program - Stages 2 and 3"
"1067.01.18","AA","code and description","1067.01.18 - Methane Emissions Reduction in Livestock Program - Stages 2 and 3"
"1067.01.19","AA","DAFF Original","2:01-23"
"1067.01.19","AA","description","Offshore Electricity Infrastructure Framework"
"1067.01.19","AA","code and description","1067.01.19 - Offshore Electricity Infrastructure Framework"
"1067.01.20","AA","DAFF Original","2:01-24"
"1067.01.20","AA","description","Growing Clean Hydrogen Industrial Hubs"
"1067.01.20","AA","code and description","1067.01.20 - Growing Clean Hydrogen Industrial Hubs"
"1067.01.21","AA","DAFF Original","2:01-25"
"1067.01.21","AA","description","Patent Box for Low Emissions Technology"
"1067.01.21","AA","code and description","1067.01.21 - Patent Box for Low Emissions Technology"
"1067.01.22","AA","DAFF Original","2:01-26"
"1067.01.22","AA","description","Zero Emissions Allam-Fetvedt Cycle for the National Electricity Market"
"1067.01.22","AA","code and description","1067.01.22 - Zero Emissions Allam-Fetvedt Cycle for the National Electricity Market"
"1067.01.23","AA","DAFF Original","2:01-27"
"1067.01.23","AA","description","Increasing Soil Carbon on a Nationally-Significant Scale"
"1067.01.23","AA","code and description","1067.01.23 - Increasing Soil Carbon on a Nationally-Significant Scale"
"1067.01.24","AA","DAFF Original","2:01-28"
"1067.01.24","AA","description","Shaping Australia to Capture the Global Hydrogen Opportunity (now in 1069)"
"1067.01.24","AA","code and description","1067.01.24 - Shaping Australia to Capture the Global Hydrogen Opportunity"
"1067.01.25","AA","DAFF Original","2:01-29"
"1067.01.25","AA","description","International Climate Change Engagement"
"1067.01.25","AA","code and description","1067.01.25 - International Climate Change Engagement"
"1067.01.26","AA","DAFF Original","2:01-30"
"1067.01.26","AA","description","ACE EV Group Advanced Manufacturing Facility and Vehicle to the Grid Trial"
"1067.01.26","AA","code and description","1067.01.26 - ACE EV Group Advanced Manufacturing Facility and Vehicle to the Grid Trial"
"1067.01.27","AA","DAFF Original","2:01-31"
"1067.01.27","AA","description","Townsville Hydrogen Hub (now in 1069)"
"1067.01.27","AA","code and description","1067.01.27 - Townsville Hydrogen Hub"
"1067.01.28","AA","DAFF Original","2:01-32"
"1067.01.28","AA","description","Australia's International Climate Step-Up"
"1067.01.28","AA","code and description","1067.01.28 - Australia's International Climate Step-Up"
"1067.01.29","AA","DAFF Original","2:01-33"
"1067.01.29","AA","description","Driving the Nation Fund - National EV Charging Network"
"1067.01.29","AA","code and description","1067.01.29 - Driving the Nation Fund - National EV Charging Network"
"1067.01.30","AA","DAFF Original","2:01-34"
"1067.01.30","AA","description","Local Industry Grants"
"1067.01.30","AA","code and description","1067.01.30 - Local Industry Grants"
"1067.01.31","AA","DAFF Original","2:01-35"
"1067.01.31","AA","description","Carbon Farming Outreach Program"
"1067.01.31","AA","code and description","1067.01.31 - Carbon Farming Outreach Program"
"1067.01.32","AA","DAFF Original","2:01-36"
"1067.01.32","AA","description","Establishing the Powering the Regions Fund"
"1067.01.32","AA","code and description","1067.01.32 - Establishing the Powering the Regions Fund"
"1067.01.33","AA","DAFF Original","2:01-37"
"1067.01.33","AA","description","Carbon Capture Technologies"
"1067.01.33","AA","code and description","1067.01.33 - Carbon Capture Technologies"
"1067.01.34","AA","description","Exploring Options to Prevent Carbon Leakage"
"1067.01.34","AA","code and description","1067.01.34 - Exploring Options to Prevent Carbon Leakage"
"1067.01.35","AA","description","Powering the Regions Fund - Critical Inputs to Clean Energy Industries"
"1067.01.35","AA","code and description","1067.01.35 - Powering the Regions Fund - Critical Inputs to Clean Energy Industries"
"1067.01.36","AA","description","Powering the Regions Fund - Safeguard Transformation Stream"
"1067.01.36","AA","code and description","1067.01.36 - Powering the Regions Fund - Safeguard Transformation Stream"
"1067.01.37","AA","description","Australia's International Climate Change Engagement"
"1067.01.37","AA","code and description","1067.01.37 - Australia's International Climate Change Engagement"
"1067.01.38","AA","description","Implementation of Australian Carbon Credit Units Scheme reforms"
"1067.01.38","AA","code and description","1067.01.38 - Implementation of Australian Carbon Credit Units Scheme reforms"
"1067.01.39","AA","description","Driving the Nation Fund - Dealership and Repairer Initiative for Vehicle Electrification Nationally (DRIVEN) Program"
"1067.01.39","AA","code and description","1067.01.39 - Driving the Nation Fund - Dealership and Repairer Initiative for Vehicle Electrification Nationally (DRIVEN) Program"
"1067.01.40","AA","description","Torres Strait and Northern Peninsula Area Climate Resilience Centre"
"1067.01.40","AA","code and description","1067.01.40 - Torres Strait and Northern Peninsula Area Climate Resilience Centre"
"1067.01.41","AA","description","Quad Clean Energy Supply Chain Diversification Program"
"1067.01.41","AA","code and description","1067.01.41 - Quad Clean Energy Supply Chain Diversification Program"
"1067.01.42","AA","description","Accelerating the Rollout of Kerbside and Fast EV Charging with Distribution Network Service Providers"
"1067.01.42","AA","code and description","1067.01.42 - Accelerating the Rollout of Kerbside and Fast EV Charging with Distribution Network Service Providers"
"1069","AA","description","Support reliable secure and affordable energy"
"1069","AA","code and description","1069 - Support reliable secure and affordable energy"
"1069","AS","CBMS Level Program","Y"
"1069.01","AA","code and description","1069.01 -"
"1069.01.01","AA","DAFF Original","3:01-01"
"1069.01.01","AA","description","Energy Efficiency Programs"
"1069.01.01","AA","code and description","1069.01.01 - Energy Efficiency Programs"
"1069.01.02","AA","DAFF Original","3:01-02"
"1069.01.02","AA","description","GEMS National Legislative Framework"
"1069.01.02","AA","code and description","1069.01.02 - GEMS National Legislative Framework"
"1069.01.03","AA","DAFF Original","3:01-03"
"1069.01.03","AA","description","Energy Use Data Model for Better Forecasting"
"1069.01.03","AA","code and description","1069.01.03 - Energy Use Data Model for Better Forecasting"
"1069.01.04","AA","DAFF Original","3:01-04"
"1069.01.04","AA","description","Energy Efficient Communities Program"
"1069.01.04","AA","code and description","1069.01.04 - Energy Efficient Communities Program"
"1069.01.05","AA","DAFF Original","3:01-05"
"1069.01.05","AA","description","Micro-grids - Regional and Remote Communities"
"1069.01.05","AA","code and description","1069.01.05 - Micro-grids - Regional and Remote Communities"
"1069.01.06","AA","DAFF Original","3:01-06"
"1069.01.06","AA","description","Business Energy Advice Program"
"1069.01.06","AA","code and description","1069.01.06 - Business Energy Advice Program"
"1069.01.07","AA","DAFF Original","3:01-07"
"1069.01.07","AA","description","Supporting Reliable Energy Infrastructure"
"1069.01.07","AA","code and description","1069.01.07 - Supporting Reliable Energy Infrastructure"
"1069.01.08","AA","DAFF Original","3:01-08"
"1069.01.08","AA","description","International Energy Agency Compliance - Collective Action Response"
"1069.01.08","AA","code and description","1069.01.08 - International Energy Agency Compliance - Collective Action Response"
"1069.01.09","AA","DAFF Original","3:01-09"
"1069.01.09","AA","description","Powering Forward"
"1069.01.09","AA","code and description","1069.01.09 - Powering Forward"
"1069.01.10","AA","DAFF Original","3:01-10"
"1069.01.10","AA","description","Further Support for CopperString 2.0 Project"
"1069.01.10","AA","code and description","1069.01.10 - Further Support for CopperString 2.0 Project"
"1069.01.11","AA","DAFF Original","3:01-11"
"1069.01.11","AA","description","Snowy Hydro Ltd"
"1069.01.11","AA","code and description","1069.01.11 - Snowy Hydro Ltd"
"1069.01.12","AA","DAFF Original","3:01-12"
"1069.01.12","AA","description","3:01-12 - Balance Sheet"
"1069.01.12","AA","code and description","1069.01.12 -3:01-12 - Balance Sheet"
"1069.01.13","AA","DAFF Original","3:01-13"
"1069.01.13","AA","description","Interconnector Funding - delivering reliable and affordable energy"
"1069.01.13","AA","code and description","1069.01.13 - Interconnector Funding - delivering reliable and affordable energy"
"1069.01.14","AA","DAFF Original","3:01-14"
"1069.01.14","AA","description","3:01-14 - Biofuels"
"1069.01.14","AA","code and description","1069.01.14 - 3:01-14 - Biofuels"
"1069.01.15","AA","DAFF Original","3:01-15"
"1069.01.15","AA","description","Implementing the Finkel Review"
"1069.01.15","AA","code and description","1069.01.15 - Implementing the Finkel Review"
"1069.01.16","AA","DAFF Original","3:01-16"
"1069.01.16","AA","description","US SPR Oil Inventory"
"1069.01.16","AA","code and description","1069.01.16 - US SPR Oil Inventory"
"1069.01.17","AA","DAFF Original","3:01-17"
"1069.01.17","AA","description","Boosting Australia's Fuel Security"
"1069.01.17","AA","code and description","1069.01.17 - Boosting Australia's Fuel Security"
"1069.01.18","AA","DAFF Original","3:01-18"
"1069.01.18","AA","description","Improving Cyber Security in the Energy Sector"
"1069.01.18","AA","code and description","1069.01.18 - Improving Cyber Security in the Energy Sector"
"1069.01.19","AA","DAFF Original","3:01-19"
"1069.01.19","AA","description","Hotel Energy Uplift Program"
"1069.01.19","AA","code and description","1069.01.19 - Hotel Energy Uplift Program"
"1069.01.20","AA","DAFF Original","3:01-20"
"1069.01.20","AA","description","Powering Communities Program"
"1069.01.20","AA","code and description","1069.01.20 - Powering Communities Program"
"1069.01.21","AA","DAFF Original","3:01-21"
"1069.01.21","AA","description","UNGI - Accelerating Projects to a Final Investment Decision"
"1069.01.21","AA","code and description","1069.01.21 - UNGI - Accelerating Projects to a Final Investment Decision"
"1069.01.22","AA","DAFF Original","3:01-22"
"1069.01.22","AA","description","Temporary Refinery Production Payment Program"
"1069.01.22","AA","code and description","1069.01.22 - Temporary Refinery Production Payment Program"
"1069.01.23","AA","DAFF Original","3:01-23"
"1069.01.23","AA","description","Consumer Data Right in the Energy Sector"
"1069.01.23","AA","code and description","1069.01.23 - Consumer Data Right in the Energy Sector"
"1069.01.24","AA","DAFF Original","3:01-24"
"1069.01.24","AA","description","Portland Aluminium Smelter Program"
"1069.01.24","AA","code and description","1069.01.24 - Portland Aluminium Smelter Program"
"1069.01.25","AA","DAFF Original","3:01-25"
"1069.01.25","AA","description","Program 3.1 GST"
"1069.01.25","AA","code and description","1069.01.25 - Program 3.1 GST"
"1069.01.26","AA","DAFF Original","3:01-26"
"1069.01.26","AA","description","Accelerating Critical Gas Infrastructure Projects"
"1069.01.26","AA","code and description","1069.01.26 - Accelerating Critical Gas Infrastructure Projects"
"1069.01.27","AA","DAFF Original","3:01-27"
"1069.01.27","AA","description","Hydrogen Ready Gas Infrastructure Program"
"1069.01.27","AA","code and description","1069.01.27 - Hydrogen Ready Gas Infrastructure Program"
"1069.01.28","AA","DAFF Original","3:01-28"
"1069.01.28","AA","description","Funding for Refinery Upgrades"
"1069.01.28","AA","code and description","1069.01.28 - Funding for Refinery Upgrades"
"1069.01.29","AA","DAFF Original","3:01-29"
"1069.01.29","AA","description","Fuel Security Service Payment"
"1069.01.29","AA","code and description","1069.01.29 - Fuel Security Service Payment"
"1069.01.30","AA","DAFF Original","3:01-30"
"1069.01.30","AA","description","Establish a Renewable Microgrid Incorporating Hydrogen in the Daintree Community"
"1069.01.30","AA","code and description","1069.01.30 - Establish a Renewable Microgrid Incorporating Hydrogen in the Daintree Community"
"1069.01.31","AA","DAFF Original","3:01-31"
"1069.01.31","AA","description","Supporting the Port Kembla Power Station"
"1069.01.31","AA","code and description","1069.01.31 - Supporting the Port Kembla Power Station"
"1069.01.32","AA","DAFF Original","3:01-32"
"1069.01.32","AA","description","Further Funding for Refinery Upgrades"
"1069.01.32","AA","code and description","1069.01.32 - Further Funding for Refinery Upgrades"
"1069.01.33","AA","DAFF Original","3:01-33"
"1069.01.33","AA","description","Sub Prog 3.1.1 Energy"
"1069.01.33","AA","code and description","1069.01.33 - Sub Prog 3.1.1 Energy"
"1069.01.34","AA","DAFF Original","3:01-34"
"1069.01.34","AA","description","Financing the Dinawan to Wagga Wagga Line Upgrade"
"1069.01.34","AA","code and description","1069.01.34 - Financing the Dinawan to Wagga Wagga Line Upgrade"
"1069.01.35","AA","DAFF Original","3:01-35"
"1069.01.35","AA","description","Supporting the Baroota Pumped Hydro Project"
"1069.01.35","AA","code and description","1069.01.35 - Supporting the Baroota Pumped Hydro Project"
"1069.01.36","AA","DAFF Original","3:01-36"
"1069.01.36","AA","description","Powering Business Program"
"1069.01.36","AA","code and description","1069.01.36 - Powering Business Program"
"1069.01.37","AA","DAFF Original","3:01-37"
"1069.01.37","AA","description","Supporting Marinus Link"
"1069.01.37","AA","code and description","1069.01.37 - Supporting Marinus Link"
"1069.01.38","AA","DAFF Original","3:01-38"
"1069.01.38","AA","description","Accelerating Priority Gas Infrastructure"
"1069.01.38","AA","code and description","1069.01.38 - Accelerating Priority Gas Infrastructure"
"1069.01.39","AA","DAFF Original","3:01-39"
"1069.01.39","AA","description","Contribution to the International Energy Agency"
"1069.01.39","AA","code and description","1069.01.39 - Contribution to the International Energy Agency"
"1069.01.40","AA","DAFF Original","3:01-40"
"1069.01.40","AA","description","Critical Urea Production Payment (Outcome 3)"
"1069.01.40","AA","code and description","1069.01.40 - Critical Urea Production Payment (Outcome 3)"
"1069.01.41","AA","DAFF Original","3:01-41"
"1069.01.41","AA","description","Securing Urea Supply for Transport and Agriculture"
"1069.01.41","AA","code and description","1069.01.41 - Securing Urea Supply for Transport and Agriculture"
"1069.01.42","AA","DAFF Original","3:01-42"
"1069.01.42","AA","description","Securing Supply of Diesel Exhaust Fluid"
"1069.01.42","AA","code and description","1069.01.42 - Securing Supply of Diesel Exhaust Fluid"
"1069.01.43","AA","DAFF Original","3:01-43"
"1069.01.43","AA","description","Powering Australia - Community Batteries for Household Solar"
"1069.01.43","AA","code and description","1069.01.43 - Powering Australia - Community Batteries for Household Solar"
"1069.01.44","AA","DAFF Original","3:01-44"
"1069.01.44","AA","description","Enhancing Australia's Energy Security"
"1069.01.44","AA","code and description","1069.01.44 - Enhancing Australia's Energy Security"
"1069.01.45","AA","DAFF Original","3:01-45"
"1069.01.45","AA","description","Lower Energy Bills for SMEs"
"1069.01.45","AA","code and description","1069.01.45 - Lower Energy Bills for SMEs"
"1069.01.46","AA","DAFF Original","3:01-46"
"1069.01.46","AA","description","Powering Australia - Rewiring the Nation"
"1069.01.46","AA","code and description","1069.01.46 - Powering Australia - Rewiring the Nation"
"1069.01.47","AS","sys_Outcome Restructure","1068.01.01"
"1069.01.47","AA","DAFF Original","2:03-01"
"1069.01.47","AA","description","ARENA Bill 1"
"1069.01.47","AA","code and description","1069.01.47 - ARENA Bill 1"
"1069.01.48","AS","sys_Outcome Restructure","1068.01.02"
"1069.01.48","AA","DAFF Original","2:03-02"
"1069.01.48","AA","description","Australian Renewable Energy Agency Act 2011"
"1069.01.48","AA","code and description","1069.01.48 - Australian Renewable Energy Agency Act 2011"
"1069.01.49","AS","sys_Outcome Restructure","1068.01.03"
"1069.01.49","AA","DAFF Original","2:03-03"
"1069.01.49","AA","description","Clean Energy Finance Corporation Act 2012"
"1069.01.49","AA","code and description","1069.01.49 - Clean Energy Finance Corporation Act 2012"
"1069.01.50","AS","sys_Outcome Restructure","1068.01.04"
"1069.01.50","AA","DAFF Original","2:03-04"
"1069.01.50","AA","description","Clean Energy Finance Corporation Special Account"
"1069.01.50","AA","code and description","1069.01.50 - Clean Energy Finance Corporation Special Account"
"1069.01.51","AS","disabled","Y"
"1069.01.51","AS","sys_Outcome Restructure","1068.01.05"
"1069.01.51","AA","DAFF Original","2:03-05"
"1069.01.51","AA","description","Payment to ARENA"
"1069.01.51","AA","code and description","1069.01.51 - Payment to ARENA"
"1069.01.52","AS","disabled","Y"
"1069.01.52","AS","sys_Outcome Restructure","1068.01.06"
"1069.01.52","AA","DAFF Original","2:03-06"
"1069.01.52","AA","description","Balance Sheet"
"1069.01.52","AA","code and description","1069.01.52 - Balance Sheet"
"1069.01.53","AS","disabled","Y"
"1069.01.53","AS","sys_Outcome Restructure","1068.01.07"
"1069.01.53","AA","DAFF Original","2:03-07"
"1069.01.53","AA","description","Payment to CEFC"
"1069.01.53","AA","code and description","1069.01.53 - Payment to CEFC"
"1069.01.54","AS","disabled","Y"
"1069.01.54","AS","sys_Outcome Restructure","1068.01.08"
"1069.01.54","AA","DAFF Original","2:03-08"
"1069.01.54","AA","description","Grid Reliability Fund Special Account CEFC"
"1069.01.54","AA","code and description","1069.01.54 - Grid Reliability Fund Special Account CEFC"
"1069.01.55","AS","disabled","Y"
"1069.01.55","AS","sys_Outcome Restructure","1068.01.09"
"1069.01.55","AA","DAFF Original","2:03-09"
"1069.01.55","AA","description","Low Emissions Technology Commercialisation Fund CEFC"
"1069.01.55","AA","code and description","1069.01.55 - Low Emissions Technology Commercialisation Fund CEFC"
"1069.01.56","AS","disabled","Y"
"1069.01.56","AS","sys_Outcome Restructure","1068.01.10"
"1069.01.56","AA","DAFF Original","2:03-10"
"1069.01.56","AA","description","Payment to NOPSEMA"
"1069.01.56","AA","code and description","1069.01.56 - Payment to NOPSEMA"
"1069.01.57","AS","sys_Outcome Restructure","1068.01.11"
"1069.01.57","AA","DAFF Original","2:03-11"
"1069.01.57","AA","description","Capacity Investment Scheme"
"1069.01.57","AA","code and description","1069.01.57 - Capacity Investment Scheme"
"1069.01.58","AA","description","Hunter Power Project - Green Hydrogen Capability"
"1069.01.58","AA","code and description","1069.01.58 - Hunter Power Project - Green Hydrogen Capability"
"1069.01.59","AA","description","Guarantee of Origin Implementation"
"1069.01.59","AA","code and description","1069.01.59 - Guarantee of Origin Implementation"
"1069.01.60","AA","description","Boosting Australia's Diesel Supply Program"
"1069.01.60","AA","code and description","1069.01.60 - Boosting Australia's Diesel Supply Program"
"1069.01.61","AA","description","Electrify Manufacturers with Industrial Heat Pumps"
"1069.01.61","AA","code and description","1069.01.61 - Electrify Manufacturers with Industrial Heat Pumps"
"1069.01.62","AA","description","Regional Hydrogen Hubs Program"
"1069.01.62","AA","code and description","1069.01.62 - Regional Hydrogen Hubs Program"
"1069.01.63","AA","description","Townsville Hydrogen Hub"
"1069.01.63","AA","code and description","1069.01.63 - Townsville Hydrogen Hub"
"1069.01.64","AA","description","Shaping Australia to Capture the Global Hydrogen Opportunity"
"1069.01.64","AA","code and description","1069.01.64 - Shaping Australia to Capture the Global Hydrogen Opportunity"
"1069.01.65","AA","description","Hydrogen Strategy and Implementation"
"1069.01.65","AA","code and description","1069.01.65 - Hydrogen Strategy and Implementation"
"1069.01.66","AA","description","Community Energy Upgrade Fund"
"1069.01.66","AA","code and description","1069.01.66 - Community Energy Upgrade Fund"
"1069.01.67","AA","description","Hydrogen Headstart - First Nations Renewable Hydrogen Engagement Fund"
"1069.01.67","AA","code and description","1069.01.67 - Hydrogen Headstart - First Nations Renewable Hydrogen Engagement Fund"
"1069.01.68","AA","description","Enabling transformation to 82% renewables"
"1069.01.68","AA","code and description","1069.01.68 - Enabling transformation to 82% renewables"
"1069.01.69","AA","description","Making Headway by Investing Further in Hydrogen Headstart"
"1069.01.69","AA","code and description","1069.01.69 - Making Headway by Investing Further in Hydrogen Headstart"
"1069.01.70","AA","description","Supporting Public Key Infrastructure for Consumer Energy Resources"
"1069.01.70","AA","code and description","1069.01.70 - Supporting Public Key Infrastructure for Consumer Energy Resources"
"1069.01.71","AA","description","International Hydrogen Research Fund"
"1069.01.71","AA","code and description","1069.01.71 - International Hydrogen Research Fund"
"1069.01.72","AA","description","Quad Clean Energy Supply Chain Diversification Program1"
"1069.01.72","AA","code and description","1069.01.72 - Quad Clean Energy Supply Chain Diversification Program1"
"1069.01.73","AA","description","Accelerated Connections Fund"
"1069.01.73","AA","code and description","1069.01.73 - Accelerated Connections Fund"
"1069.01.74","AA","description","H2Global Co-Investment with Germany"
"1069.01.74","AA","code and description","1069.01.74 - H2Global Co-Investment with Germany"
"1069.01.75","AA","description","First Nations Clean Energy Grants and Toolkit"
"1069.01.75","AA","code and description","1069.01.75 - First Nations Clean Energy Grants and Toolkit"
"1069.01.76","AA","description","AEMO Digital Systems Enhancement Program"
"1069.01.76","AA","code and description","1069.01.76 - AEMO Digital Systems Enhancement Program"
"1069.01.77","AA","description","Enhancing Capacity of Existing Network Infrastructure"
"1069.01.77","AA","code and description","1069.01.77 - Enhancing Capacity of Existing Network Infrastructure"
"1069.01.78","AA","description","Cheaper Home Batteries Program"
"1069.01.78","AA","code and description","1069.01.78 - Cheaper Home Batteries Program"
"1069.01.BAL","AS","sys_Outcome Restructure","1068.01.BAL"
"1074","AA","CBMS prog and description","1074 - Sustainable Management of Natural Resources and the Environment"
"1074","AA","description","Conserve, protect and sustainably manage Australia's natural environment through a nature positive approach"
"1074","AA","code and description","1074 - Conserve, protect and sustainably manage Australia's natural environment through a nature positive approach"
"1074","AS","CBMS Level Program","Y"
"1074.01","AA","code and description","1074.01 -"
"1074.01.BAL","AS","sys_Outcome Restructure","1078.01.BAL"
"1074.01.BAL","AA","description","1074.01.BAL"
"1074.01.BAL","AA","code and description","1074.01.BAL"
"1074.01.A","AA","description","Reef Program"
"1074.01.A","AA","code and description","1074.01.A - Reef Program"
"1074.01.03","AA","DAFF Prog","7674.01.03"
"1074.01.03","AN","DAFF Used Prog","1"
"1074.01.03","AA","DAFF Original","7674.03"
"1074.01.03","AA","description","Reef 2050 Plan"
"1074.01.03","AA","code and description","1074.01.03 - Reef 2050 Plan"
"1074.01.60","AA","DAFF Prog","7674.01.106"
"1074.01.60","AA","DAFF Original","110017"
"1074.01.60","AA","description","Reef 2050 - Traditional Owner Implementation Plan (none-spec acc)"
"1074.01.60","AA","code and description","1074.01.60 - Reef 2050 - Trad Owner implementation plan (none-spec acc)"
"1074.01.61","AA","DAFF Prog","7674.01.107"
"1074.01.61","AA","DAFF Original","110018"
"1074.01.61","AA","description","Reef 2050 - Trad Owner implmt plan (with spec acc)"
"1074.01.61","AA","code and description","1074.01.61 - Reef 2050 - Trad Owner implmt plan (with spec acc)"
"1074.01.62","AA","DAFF Prog","7674.01.108"
"1074.01.62","AA","DAFF Original","110020"
"1074.01.62","AA","description","ShovelReady- Reef restore & adaptation"
"1074.01.62","AA","code and description","1074.01.62 - ShovelReady- Reef restore & adaptation"
"1074.01.63","AA","DAFF Prog","7674.01.109"
"1074.01.63","AN","DAFF Used Prog","1"
"1074.01.63","AA","DAFF Original","110021"
"1074.01.63","AA","description","ShovelReady- Land & coastal restoration"
"1074.01.63","AA","code and description","1074.01.63 - ShovelReady- Land & coastal restoration"
"1074.01.65","AA","DAFF Prog","7674.01.111"
"1074.01.65","AN","DAFF Used Prog","1"
"1074.01.65","AA","DAFF Original","110023"
"1074.01.65","AA","description","Coastal and Marine Ecosystems Research Centre (CMERC)"
"1074.01.65","AA","code and description","1074.01.65 - Coastal and Marine Ecosystems Research Centre (CMERC)"
"1074.01.70","AA","description","Strengthening Great Barrier Reef through Stewardship and Leadership"
"1074.01.70","AA","code and description","1074.01.70 - Strengthening Great Barrier Reef through Stewardship and Leadership"
"1074.01.B","AA","description","Sustainable Ocean Action Plan"
"1074.01.B","AA","code and description","1074.01.B - Sustainable Ocean Action Plan"
"1074.01.C","AA","description","Restoring Funding to the Environmental Defenders Office and Environmental Justice Australia"
"1074.01.C","AA","code and description","1074.01.C - Restoring Funding to the Environmental Defenders Office and Environmental Justice Australia"
"1074.01.D","AA","description","Saving Native Species"
"1074.01.D","AA","code and description","1074.01.D - Saving Native Species"
"1074.01.01","AA","DAFF Prog","7674.01.01"
"1074.01.01","AN","DAFF Used Prog","1"
"1074.01.01","AA","DAFF Original","7674.01"
"1074.01.01","AA","description","Natural Heritage Trust"
"1074.01.01","AA","code and description","1074.01.01 - Natural Heritage Trust"
"1074.01.02","AA","DAFF Prog","7674.01.02"
"1074.01.02","AN","DAFF Used Prog","1"
"1074.01.02","AA","DAFF Original","7674.02"
"1074.01.02","AA","description","Environmental Stewardship Program"
"1074.01.02","AA","code and description","1074.01.02 - Environmental Stewardship Program"
"1074.01.04","AA","DAFF Prog","7674.01.04"
"1074.01.04","AN","DAFF Used Prog","1"
"1074.01.04","AA","DAFF Original","7674.04"
"1074.01.04","AA","description","Australian Marine Parks"
"1074.01.04","AA","code and description","1074.01.04 - Australian Marine Parks"
"1074.01.05","AA","DAFF Prog","7674.01.05"
"1074.01.05","AN","DAFF Used Prog","1"
"1074.01.05","AA","DAFF Original","7674.05"
"1074.01.05","AA","description","Environment Restoration Fund"
"1074.01.05","AA","code and description","1074.01.05 - Environment Restoration Fund"
"1074.01.06","AA","DAFF Prog","7674.01.06"
"1074.01.06","AN","DAFF Used Prog","1"
"1074.01.06","AA","DAFF Original","7674.06"
"1074.01.06","AA","description","NHT special accounts"
"1074.01.06","AA","code and description","1074.01.06 - NHT special accounts"
"1074.01.07","AA","DAFF Prog","7674.01.07"
"1074.01.07","AN","DAFF Used Prog","1"
"1074.01.07","AS","disabled","Y"
"1074.01.07","AA","DAFF Original","7674.07"
"1074.01.07","AA","description","Reef Trust Special Account - EPBC Penalties"
"1074.01.07","AA","code and description","1074.01.07 - Reef Trust Special Account - EPBC Penalties"
"1074.01.09","AA","DAFF Prog","7674.01.09"
"1074.01.09","AN","DAFF Used Prog","1"
"1074.01.09","AA","DAFF Original","7674.10"
"1074.01.09","AA","description","Director of National Parks"
"1074.01.09","AA","code and description","1074.01.09 - Director of National Parks"
"1074.01.10","AA","DAFF Prog","7674.01.10"
"1074.01.10","AN","DAFF Used Prog","1"
"1074.01.10","AA","DAFF Original","7674.11"
"1074.01.10","AA","description","Equity payment to SHFT"
"1074.01.10","AA","code and description","1074.01.10 - Equity payment to SHFT"
"1074.01.11","AA","DAFF Prog","7674.01.11"
"1074.01.11","AN","DAFF Used Prog","1"
"1074.01.11","AA","DAFF Original","7674.12"
"1074.01.11","AA","description","Reef Trust Special Account"
"1074.01.11","AA","code and description","1074.01.11 - Reef Trust Special Account"
"1074.01.12","AA","DAFF Prog","7674.01.12"
"1074.01.12","AN","DAFF Used Prog","1"
"1074.01.12","AA","DAFF Original","7674.13"
"1074.01.12","AA","description","Environment and Energy and Emissions Reduction Campaign"
"1074.01.12","AA","code and description","1074.01.12 - Environment and Energy and Emissions Reduction Campaign"
"1074.01.15","AA","DAFF Prog","7674.01.15"
"1074.01.15","AN","DAFF Used Prog","1"
"1074.01.15","AA","DAFF Original","7674.16"
"1074.01.15","AA","description","Bushfire Recovery for Species and Landscapes"
"1074.01.15","AA","code and description","1074.01.15 - Bushfire Recovery for Species and Landscapes"
"1074.01.23","AA","DAFF Prog","7674.01.23"
"1074.01.23","AN","DAFF Used Prog","1"
"1074.01.23","AA","DAFF Original","7674.17"
"1074.01.23","AA","description","Environment SOETM Sp.Acct 2020 1.1"
"1074.01.23","AA","code and description","1074.01.23 - Environment SOETM Sp.Acct 2020 1.1"
"1074.01.28","AA","DAFF Prog","7674.01.67"
"1074.01.28","AA","DAFF Original","000598"
"1074.01.28","AA","description","OLP-Expand Indigenous Protected Areas"
"1074.01.28","AA","code and description","1074.01.28 - OLP-Expand Indigenous Protected Areas"
"1074.01.29","AA","DAFF Prog","7674.01.68"
"1074.01.29","AA","DAFF Original","000596"
"1074.01.29","AA","description","OLP-AMP Indian Ocean Territories"
"1074.01.29","AA","code and description","1074.01.29 - OLP-AMP Indian Ocean Territories"
"1074.01.30","AA","DAFF Prog","7674.01.69"
"1074.01.30","AA","DAFF Original","000597"
"1074.01.30","AA","description","OLP-AMP Our Marine Parks."
"1074.01.30","AA","code and description","1074.01.30 - OLP-AMP Our Marine Parks."
"1074.01.31","AA","DAFF Prog","7674.01.70"
"1074.01.31","AA","DAFF Original","000561"
"1074.01.31","AA","description","NHT - Ag2030-B-Reduction Feral AniWeed"
"1074.01.31","AA","code and description","1074.01.31 - NHT-Ag2030-B-Reduction Feral AniWeed"
"1074.01.38","AA","DAFF Prog","7674.01.77"
"1074.01.38","AA","DAFF Original","7674.18"
"1074.01.38","AA","description","Wildlife Protection Fees CRIS"
"1074.01.38","AA","code and description","1074.01.38 - Wildlife Protection Fees CRIS"
"1074.01.39","AA","DAFF Prog","7674.01.82"
"1074.01.39","AA","DAFF Original","000792"
"1074.01.39","AA","description","Ocean Accounting and On-the-ground Restoration Activities to Restore Blue Carbon Ecosystems"
"1074.01.39","AA","code and description","1074.01.39 - Ocean Accounting and On-the-ground Restoration Activities to Restore Blue Carbon Ecosystems"
"1074.01.47","AA","DAFF Prog","7674.01.93"
"1074.01.47","AA","DAFF Original","000794"
"1074.01.47","AA","description","Biodiversity Recovery Package - Koala conservation and protection."
"1074.01.47","AA","code and description","1074.01.47 - Biodiversity Recovery Package - Koala conservation and protection."
"1074.01.59","AA","DAFF Prog","7674.01.105"
"1074.01.59","AA","DAFF Original","110016"
"1074.01.59","AA","description","Landcare Rangers and Facilitator"
"1074.01.59","AA","code and description","1074.01.59 - Landcare Rangers and Facilitator"
"1074.01.64","AA","DAFF Prog","7674.01.110"
"1074.01.64","AN","DAFF Used Prog","1"
"1074.01.64","AA","DAFF Original","110022"
"1074.01.64","AA","description","Reef guardian councils"
"1074.01.64","AA","code and description","1074.01.64 - Reef guardian councils"
"1074.01.67","AA","DAFF Prog","7674.01.113"
"1074.01.67","AN","DAFF Used Prog","1"
"1074.01.67","AA","DAFF Original","100537"
"1074.01.67","AA","description","Agriculture Stewardship Package"
"1074.01.67","AA","code and description","1074.01.67 - Agriculture Stewardship Package"
"1074.01.68","AA","DAFF Prog","7674.01.114"
"1074.01.68","AN","DAFF Used Prog","1"
"1074.01.68","AA","DAFF Original","100574"
"1074.01.68","AA","description","Agriculture 2030-Implement an Australian farm biodiversity certification scheme"
"1074.01.68","AA","code and description","1074.01.68 - Agriculture 2030-Implement an Australian farm biodiversity certification scheme"
"1074.01.69","AA","DAFF Prog","7674.01.115"
"1074.01.69","AN","DAFF Used Prog","1"
"1074.01.69","AA","DAFF Original","100575"
"1074.01.69","AA","description","Agriculture 2030-Pilot stewardship program"
"1074.01.69","AA","code and description","1074.01.69 - Agriculture 2030- Pilot stewardship program"
"1074.01.71","AA","DAFF Prog","7672.01.01"
"1074.01.71","AS","sys_Outcome Restructure","1075.01.01"
"1074.01.71","AA","DAFF Original","7672.01"
"1074.01.71","AA","description","National Environmental Science Program"
"1074.01.71","AA","code and description","1074.01.71 - National Environmental Science Program"
"1074.01.72","AA","DAFF Prog","7672.01.02"
"1074.01.72","AS","sys_Outcome Restructure","1075.01.02"
"1074.01.72","AA","DAFF Original","7672.02"
"1074.01.72","AA","description","Australian Biological Resources Study"
"1074.01.72","AA","code and description","1074.01.72 - Australian Biological Resources Study"
"1074.01.73","AA","DAFF Prog","7672.01.03"
"1074.01.73","AS","sys_Outcome Restructure","1075.01.03"
"1074.01.73","AA","DAFF Original","7672.03"
"1074.01.73","AA","description","Independent Expert Scientific Committee on Unconventional Gas Development and Large Coal Mining Development"
"1074.01.73","AA","code and description","1074.01.73 - Independent Expert Scientific Committee on Unconventional Gas Development and Large Coal Mining Development"
"1074.01.74","AA","DAFF Prog","7672.01.04"
"1074.01.74","AS","sys_Outcome Restructure","1075.01.04"
"1074.01.74","AA","DAFF Original","7672.04"
"1074.01.74","AA","description","Harry Butler Environment Education Centre"
"1074.01.74","AA","code and description","1074.01.74 - Harry Butler Environment Education Centre"
"1074.01.75","AA","DAFF Prog","7672.01.05"
"1074.01.75","AS","sys_Outcome Restructure","1075.01.05"
"1074.01.75","AA","DAFF Original","7672.05"
"1074.01.75","AA","description","National Centre for Coasts, Environment and Climate"
"1074.01.75","AA","code and description","1074.01.75 - National Centre for Coasts, Environment and Climate"
"1074.01.76","AA","DAFF Prog","7672.01.06"
"1074.01.76","AS","sys_Outcome Restructure","1075.01.06"
"1074.01.76","AA","DAFF Original","7672.06"
"1074.01.76","AA","description","1074.01.76 -"
"1074.01.76","AA","code and description","1074.01.76 -"
"1074.01.77","AA","DAFF Prog","7672.01.12"
"1074.01.77","AS","sys_Outcome Restructure","1075.01.07"
"1074.01.77","AA","DAFF Original","110019"
"1074.01.77","AA","description","Reef 2050 - Research to support landscape restoration"
"1074.01.77","AA","code and description","1074.01.77 - Reef 2050 - Research to support landscape restoration"
"1074.01.78","AS","sys_Outcome Restructure","1075.01.08"
"1074.01.78","AA","description","Australian Institute of Marine Science"
"1074.01.78","AA","code and description","1074.01.78 - Australian Institute of Marine Science"
"1074.01.79","AA","DAFF Prog","8441.01.01"
"1074.01.79","AS","sys_Outcome Restructure","1078.01.01"
"1074.01.79","AA","DAFF Original","8441.01"
"1074.01.79","AA","description","EPBC- Water Resources Amendment Act"
"1074.01.79","AA","code and description","1074.01.79 - EPBC - Water Resources Amendment Act"
"1074.01.80","AA","description","Urban Rivers and Catchments Program - Round 2"
"1074.01.80","AA","code and description","1074.01.80 - Urban Rivers and Catchments Program - Round 2"
"1074.01.81","AA","description","Priority conservation and recovery actions for the Maugean skate"
"1074.01.81","AA","code and description","1074.01.81 - Priority conservation and recovery actions for the Maugean skate"
"1074.01.82","AA","description","Environment portfolio contribution towards an integrated Australian Government approach to HPAI H5N1"
"1074.01.82","AA","code and description","1074.01.82 - Environment portfolio contribution towards an integrated Australian Government approach to HPAI H5N1"
"1074.01.83","AA","description","Saving Australia's Bushland Program"
"1074.01.83","AA","code and description","1074.01.83 - Saving Australia's Bushland Program"
"1077","AA","CBMS prog and description","1077 - Conservation of Australia's Heritage and Environment"
"1077","AA","description","Protect Australia's cultural, historic and First Nations heritage"
"1077","AA","code and description","1077 - Protect Australia's cultural, historic and First Nations heritage"
"1077","AS","CBMS Level Program","Y"
"1077.01","AA","code and description","1077.01 -"
"1077.01.01","AA","DAFF Prog","7670.01.01"
"1077.01.01","AN","DAFF Used Prog","1"
"1077.01.01","AA","DAFF Original","7670.01"
"1077.01.01","AA","description","Australian Heritage Grants Program"
"1077.01.01","AA","code and description","1077.01.01 - Australian Heritage Grants Program"
"1077.01.02","AA","DAFF Prog","7670.01.04"
"1077.01.02","AA","DAFF Original","000779"
"1077.01.02","AA","description","Payment to CCE-SHFT"
"1077.01.02","AA","code and description","1077.01.02 - Payment to CCE-SHFT"
"1077.01.03","AA","DAFF Prog","7670.01.07"
"1077.01.03","AA","DAFF Original","110006"
"1077.01.03","AA","description","Investing in Australia's Indigenous Culture and World Heritage"
"1077.01.03","AA","code and description","1077.01.03 - Investing in Australia's Indigenous Culture and World Heritage"
"1077.01.04","AA","DAFF Prog","7670.01.08"
"1077.01.04","AN","DAFF Used Prog","1"
"1077.01.04","AA","DAFF Original","110007"
"1077.01.04","AA","description","Adding Australia's Indigenous Culture and World Heritage values to existing listing"
"1077.01.04","AA","code and description","1077.01.04 - Adding Australia's Indigenous Culture and World Heritage values to existing listing"
"1079","AA","CBMS prog and description","1079 - Management of Hazardous Wastes, Substances and Pollutants"
"1079","AA","description","Accelerate the transition to a circular economy while safely managing pollutants and hazardous substances"
"1079","AA","code and description","1079 - Accelerate the transition to a circular economy while safely managing pollutants and hazardous substances"
"1079","AS","CBMS Level Program","Y"
"1079.01","AA","code and description","1079.01 -"
"1079.01.01","AA","DAFF Prog","7673.01.01"
"1079.01.01","AN","DAFF Used Prog","1"
"1079.01.01","AA","DAFF Original","7673.01"
"1079.01.01","AA","description","National Environment Protection Council"
"1079.01.01","AA","code and description","1079.01.01 - National Environment Protection Council"
"1079.01.02","AA","DAFF Prog","7673.01.02"
"1079.01.02","AN","DAFF Used Prog","1"
"1079.01.02","AA","DAFF Original","7673.02"
"1079.01.02","AA","description","Biofuels"
"1079.01.02","AA","code and description","1079.01.02 - Biofuels"
"1079.01.04","AA","DAFF Prog","7673.01.04"
"1079.01.04","AN","DAFF Used Prog","1"
"1079.01.04","AA","DAFF Original","7673.04"
"1079.01.04","AA","description","Per-and Poly-Fluorinated Alkyl Substances Research Grant"
"1079.01.04","AA","code and description","1079.01.04 - Per-and Poly-Fluorinated Alkyl Substances Research Grant"
"1079.01.05","AA","DAFF Prog","7673.01.05"
"1079.01.05","AN","DAFF Used Prog","1"
"1079.01.05","AA","DAFF Original","7673.05"
"1079.01.05","AA","description","Securing the Future of Jabiru Township"
"1079.01.05","AA","code and description","1079.01.05 - Securing the Future of Jabiru Township"
"1079.01.06","AA","DAFF Prog","7673.01.06"
"1079.01.06","AN","DAFF Used Prog","1"
"1079.01.06","AA","DAFF Original","7673.06"
"1079.01.06","AA","description","Ozone Protection & Synthetic Greenhouse Gas Account"
"1079.01.06","AA","code and description","1079.01.06 - Ozone Protection & Synthetic Greenhouse Gas Account"
"1079.01.07","AA","DAFF Prog","7673.01.07"
"1079.01.07","AN","DAFF Used Prog","1"
"1079.01.07","AA","DAFF Original","7673.07"
"1079.01.07","AA","description","NEPC Special Account"
"1079.01.07","AA","code and description","1079.01.07 - NEPC Special Account"
"1079.01.08","AA","DAFF Prog","7673.01.08"
"1079.01.08","AN","DAFF Used Prog","1"
"1079.01.08","AA","DAFF Original","7673.08"
"1079.01.08","AA","code and description","1079.01.08 -"
"1079.01.09","AA","DAFF Prog","7673.01.09"
"1079.01.09","AN","DAFF Used Prog","1"
"1079.01.09","AA","DAFF Original","7673.09"
"1079.01.09","AA","description","Cost Recovery for the National Standard for the Environment Risk Management of Industrial Chemicals"
"1079.01.09","AA","code and description","1079.01.09 - Cost Recovery for the National Standard for the Environment Risk Management of Industrial Chemicals"
"1079.01.10","AA","DAFF Prog","7673.01.10"
"1079.01.10","AN","DAFF Used Prog","1"
"1079.01.10","AA","DAFF Original","7673.10"
"1079.01.10","AA","description","National Product Stewardship Investment Fund"
"1079.01.10","AA","code and description","1079.01.10 - National Product Stewardship Investment Fund"
"1079.01.12","AA","DAFF Prog","7673.01.12"
"1079.01.12","AN","DAFF Used Prog","1"
"1079.01.12","AA","DAFF Original","7673.12"
"1079.01.12","AA","description","Comm Implementation of Env Controls for Chemicals"
"1079.01.12","AA","code and description","1079.01.12 - Comm Implementation of Env Controls for Chemicals"
"1079.01.13","AA","DAFF Prog","7673.01.13"
"1079.01.13","AN","DAFF Used Prog","1"
"1079.01.13","AA","DAFF Original","7673.13"
"1079.01.13","AA","description","Environment SOETM Sp.Acct 2020 1.6"
"1079.01.13","AA","code and description","1079.01.13 - Environment SOETM Sp.Acct 2020 1.6"
"1079.01.14","AA","DAFF Prog","7673.01.28"
"1079.01.14","AA","DAFF Original","000599"
"1079.01.14","AA","description","Supp Sml Biz Adopt Austasian Recyl Label."
"1079.01.14","AA","code and description","1079.01.14 - Supp Sml Biz Adopt Austasian Recyl Label."
"1079.01.15","AA","DAFF Prog","7673.01.29"
"1079.01.15","AA","DAFF Original","000576"
"1079.01.15","AA","description","Ag2030-SS-Community education program"
"1079.01.15","AA","code and description","1079.01.15 - Ag2030-SS-Community education program"
"1079.01.17","AA","DAFF Prog","7673.01.35"
"1079.01.17","AA","DAFF Original","000808"
"1079.01.17","AA","description","Implementing a Certified Remade in Australia Scheme"
"1079.01.17","AA","code and description","1079.01.17 - Implementing a Certified Remade in Australia Scheme"
"1079.01.18","AA","description","Food waste avoidance"
"1079.01.18","AA","code and description","1079.01.18 - Food waste avoidance"
"1079.01.19","AA","description","Non-Road Spark Ignition Engines and Equipment"
"1079.01.19","AA","code and description","1079.01.19 - Non-Road Spark Ignition Engines and Equipment"
"1079.01.20","AA","description","Minor CRIS under $1 million"
"1079.01.20","AA","code and description","1079.01.20 - Minor CRIS under $1 million"
"1079.01.21","AA","description","Circular Economy"
"1079.01.21","AA","code and description","1079.01.21 - Circular Economy"
"1079.01.22","AA","description","Waste Exports Licencing Scheme"
"1079.01.22","AA","code and description","1079.01.22 - Waste Exports Licencing Scheme"
"1079.01.23","AA","description","Reducing the impact of litter on our environment and biodiversity"
"1079.01.23","AA","code and description","1079.01.23 - Reducing the impact of litter on our environment and biodiversity"
"1079.01.24","AA","description","Product steward scheme for clothing textiles"
"1079.01.24","AA","code and description","1079.01.24 - Product steward scheme for clothing textiles"
"1112","AA","description","Contribute to Australia's national Antarctic interests"
"1112","AA","code and description","1112 - Contribute to Australia's national Antarctic interests"
"1112","AS","CBMS Level Program","Y"
"1112.01.01","AA","description","Antarctic Science Collaboration Initiative"
"1112.01.01","AA","code and description","1112.01.01 - Antarctic Science Collaboration Initiative"
"1080","AA","description","Protect, restore and sustainably manage Australia's water resources"
"1080","AA","code and description","1080 - Protect, restore and sustainably manage Australia's water resources"
"1080","AS","CBMS Level Program","Y"
"1080.00.BAL","AS","sys_Outcome Restructure","1076.01.BAL"
"1080.01","AA","description","Sustainable Rural Water Use and Infrastructure Program"
"1080.01","AA","code and description","1080.01 - Sustainable Rural Water Use and Infrastructure Program (SRWUIP)"
"1080.01.01","AA","DAFF Original","437001"
"1080.01.01","AA","description","SRWUIP - Bill 1 - Infrastructure"
"1080.01.01","AA","code and description","1080.01.01 - SRWUIP - Bill 1 - Infrastructure"
"1080.01.02","AA","DAFF Original","000625"
"1080.01.02","AA","description","SRWUIP - Bill 1 - Healthy Rivers - Healthy Communities - OLD"
"1080.01.02","AA","code and description","1080.01.02 - SRWUIP - Bill 1 - Healthy Rivers - Healthy Communities - OLD"
"1080.01.03","AA","DAFF Original","000614"
"1080.01.03","AA","description","SRWUIP - Bill 1 - MIL reducing infrastructure network system losses"
"1080.01.03","AA","code and description","1080.01.03 - SRWUIP - Bill 1 - MIL reducing infrastructure network system losses"
"1080.01.04","AA","DAFF Original","437024"
"1080.01.04","AA","description","SRWUIP - Bill 1 - Supply Measures"
"1080.01.04","AA","code and description","1080.01.04 - SRWUIP - Bill 1 - Supply Measures"
"1080.01.05","AA","DAFF Original","437004"
"1080.01.05","AA","description","SRWUIP - Purchasing - Bridging the Gap"
"1080.01.05","AA","code and description","1080.01.05 - SRWUIP - Purchasing - Bridging th Gap"
"1080.01.06","AA","DAFF Original","437020"
"1080.01.06","AA","description","SRWUIP - Purchasing - 450 GL Target"
"1080.01.06","AA","code and description","1080.01.06 - SRWUIP - Purchasing - 450 GL Target"
"1080.01.07","AA","description","SRWUIP - Aboriginal Water Entitlements Program (AWEP)"
"1080.01.07","AA","code and description","1080.01.07 - SRWUIP - Aboriginal Water Entitlements Program (AWEP)"
"1080.02","AA","description","Commonwealth Contribution under the Murray-Darling Basin Agreement"
"1080.02","AA","code and description","1080.02 - Commonwealth Contribution under the Murray-Darling Basin Agreement (CCMDBA)"
"1080.02.01","AA","DAFF Original","437007"
"1080.02.01","AA","description","CCMDBA - Joint Activity"
"1080.02.01","AA","code and description","1080.02.01 - CCMDBA - Joint Activity"
"1080.02.02","AA","DAFF Original","000613"
"1080.02.02","AA","description","CCMDBA - Hume Dam Irrigation Outlet Renewal Works"
"1080.02.02","AA","code and description","1080.02.02 - CCMDBA - Hume Dam Irrigation Outlet Renewal Works"
"1080.03","AA","description","River Murray Operations & Living Murray Initiative (RMO&LMI)"
"1080.03","AA","code and description","1080.03 - River Murray Operations & Living Murray Initiative (RMO&LMI)"
"1080.03.01","AA","DAFF Original","437008"
"1080.03.01","AA","description","RMO&LMI - River Murray Operations point Operation (No Approp)"
"1080.03.01","AA","code and description","1080.03.01 - RMO&LMI - River Murray Operations point Operation (No Approp)"
"1080.03.02","AA","DAFF Original","437009"
"1080.03.02","AA","description","RMO&LMI (NO APP) - Living Murray Initiative Joint Operation"
"1080.03.02","AA","code and description","1080.03.02 - RMO&LMI (NO APP) - Living Murray Initiative Joint Operation"
"1080.04","AA","description","Water for the Environment Special Account"
"1080.04","AA","code and description","1080.04 - Water for the Environment Special Account (WESA)"
"1080.04.01","AA","DAFF Original","437011"
"1080.04.01","AA","description","WESA - Constraints Management (SPP994)"
"1080.04.01","AA","code and description","1080.04.01 - WESA - Constraints Management (SPP994)"
"1080.04.02","AA","DAFF Original","437012"
"1080.04.02","AA","description","WESA - Efficiency Measures (SPP995)"
"1080.04.02","AA","code and description","1080.04.02 - WESA - Efficiency Measures (SPP995)"
"1080.04.03","AA","description","WESA - Resilient Rivers Water Infrastructure Program (SPP1019)"
"1080.04.03","AA","code and description","1080.04.03 - WESA - Resilient Rivers Water Infrastructure Program (SPP1019)"
"1080.04.04","AA","description","WESA - Voluntary Water Purchase Program"
"1080.04.04","AA","code and description","1080.04.04 - WESA - Voluntary Water Purchase Program"
"1080.04.05","AA","description","WESA - Sustainable Communities Program (SPP1024)"
"1080.04.05","AA","code and description","1080.04.05 - WESA - Sustainable Communities Program (SPP1024)"
"1080.04.06","AA","description","WESA - Activities supporting 450GL for enhanced environmental outcomes"
"1080.04.06","AA","code and description","1080.04.06 - WESA - Activities supporting 450GL for enhanced environmental outcomes"
"1080.05","AA","description","Water Efficiency Labelling & Standards Special Account"
"1080.05","AA","code and description","1080.05 - Water Efficiency Labelling and Standards Special Account  (WELS)"
"1080.05.01","AA","DAFF Original","437014"
"1080.05.01","AA","description","Water Efficiency Labelling and Standards Special Account"
"1080.05.01","AA","code and description","1080.05.01 - Water Efficiency Labelling and Standards Special Account  (WELS)"
"1080.06","AA","description","Water Resources Special Account"
"1080.06","AA","code and description","1080.06 - Water Resources Special Account (WRSA)"
"1080.06.A","AA","description","WRSA - Lake Eyre Basin"
"1080.06.A","AA","code and description","1080.06.A - WRSA - Lake Eyre Basin"
"1080.06.01","AA","DAFF Original","437017"
"1080.06.01","AA","description","WRSA - Lake Eyre Basin Community Advisory Committee"
"1080.06.01","AA","code and description","1080.06.01 - WRSA - Lake Eyre Basin Community Advisory Committee"
"1080.06.06","AA","description","WRSA - Lake Eyre Basin - Admin Bill 1"
"1080.06.06","AA","code and description","1080.06.06 - WRSA - Lake Eyre Basin - Admin Bill 1"
"1080.06.B","AA","description","WRSA - Great Artesian Basin"
"1080.06.B","AA","code and description","1080.06.B - WRSA - Great Artesian Basin"
"1080.06.02","AA","DAFF Original","437018"
"1080.06.02","AA","description","WRSA - Great Artesian Basin Coordinating Committee"
"1080.06.02","AA","code and description","1080.06.02 - WRSA - Great Artesian Basin Coordinating Committee"
"1080.06.07","AA","description","WRSA - Great Artesian Basin - Admin Bill 1"
"1080.06.07","AA","code and description","1080.06.07 - WRSA - Great Artesian Basin - Admin Bill 1"
"1080.06.C","AA","description","WRSA - Hydrological Modelling Group"
"1080.06.C","AA","code and description","1080.06.C - WRSA - Hydrological Modelling"
"1080.06.08","AA","description","WRSA - Hydrological Modelling - Admin Bill 1"
"1080.06.08","AA","code and description","1080.06.08 - WRSA - Hydrological Modelling - Admin Bill 1"
"1080.06.09","AA","description","WRSA - Hydrological Modelling"
"1080.06.09","AA","code and description","1080.06.09 - WRSA - Hydrological Modelling"
"1080.06.03","AA","DAFF Original","100001"
"1080.06.03","AA","description","WRSA - Water Quality Guidelines Improvement Program"
"1080.06.03","AA","code and description","1080.06.03 - WRSA - Water Quality Guidelines Improvement Program"
"1080.06.04","AA","DAFF Original","110031"
"1080.06.04","AA","description","WRSA - Increasing Compliance"
"1080.06.04","AA","code and description","1080.06.04 - WRSA - Increasing Compliance"
"1080.06.05","AA","DAFF Original","000259"
"1080.06.05","AA","description","WRSA - Committee on Indigenous Water Interests"
"1080.06.05","AA","code and description","1080.06.05 - WRSA - Committee on Indigenous Water Interests"
"1080.07","AA","description","Water Act 2007"
"1080.07","AA","code and description","1080.07 - Water Act 2007"
"1080.07.01","AA","DAFF Original","437002"
"1080.07.01","AA","description","Water Act 2007 (Sp App)"
"1080.07.01","AA","code and description","1080.07.01 - Water Act 2007 (Sp App)"
"1080.08","AA","description","Payment to Murray-Darling Basin Authority"
"1080.08","AA","code and description","1080.08 - Payment to Murray-Darling Basin Authority (MDBA)"
"1080.08.01","AA","description","Payment to MDBA"
"1080.08.01","AA","code and description","1080.08.01 - Payment to MDBA"
"1080.08.02","AA","description","Payment to MDBA - Murray-Darling Communities Investment Package"
"1080.08.02","AA","code and description","1080.08.02 - Payment to MDBA - Murray-Darling Communities Investment Package"
"1080.09","AA","description","Water Research Goyder Institute"
"1080.09","AA","code and description","1080.09 - Water Research Goyder Institute"
"1080.09.01","AA","DAFF Original","000258"
"1080.09.01","AA","description","Water Research Goyder Institute (WRGI)"
"1080.09.01","AA","code and description","1080.09.01 - Water Research Goyder Institute"
"1080.10","AA","description","National Water Grid Fund"
"1080.10","AA","code and description","1080.10 - National Water Grid Fund"
"1080.10.01","AA","DAFF Original","NWIDF1"
"1080.10.01","AA","description","National Water Infrastructure Development Fund (NWIDF)"
"1080.10.01","AA","code and description","1080.10.01 - National Water Infrastructure Development Fund (NWIDF)"
"1080.10.02","AA","DAFF Original","NWGA01"
"1080.10.02","AA","description","National Water Grid Authority (NWGA)"
"1080.10.02","AA","code and description","1080.10.02 - National Water Grid Authority (NWGA)"
"1080.11","AA","description","Commonwealth Environmental Water Office (transferred from OC2)"
"1080.11","AA","code and description","1080.11 - Commonwealth Environmental Water Office (transferred from OC2)"
"1080.11.01","AA","DAFF Prog","8441.01.02"
"1080.11.01","AS","sys_Outcome Restructure","1076.01.01"
"1080.11.01","AA","DAFF Original","8441.02"
"1080.11.01","AA","description","Murray-Darling Basin Environmental Knowledge and Research"
"1080.11.01","AA","code and description","1080.11.01 - Murray-Darling Basin Environmental Knowledge and Research"
"1080.11.A","AA","description","Environmental Water Holdings Special Account"
"1080.11.A","AA","code and description","1080.11.A Environmental Water Holdings Special Account"
"1080.11.02","AA","DAFF Prog","8441.01.03"
"1080.11.02","AS","sys_Outcome Restructure","1076.01.02"
"1080.11.02","AA","DAFF Original","8441.03"
"1080.11.02","AA","description","Commonwealth Environmental Water Holder"
"1080.11.02","AA","code and description","1080.11.02 - Commonwealth Environmental Water"
"1080.11.03","AA","DAFF Prog","8441.01.04"
"1080.11.03","AS","sys_Outcome Restructure","1076.01.03"
"1080.11.03","AA","DAFF Original","8441.04"
"1080.11.03","AA","description","Commonwealth Environmental Water Holder (drawdown on special account balance)"
"1080.11.03","AA","code and description","1080.11.03 - Commonwealth Environmental Water Holder (drawdown on special account balance)"
"1080.11.04","AS","sys_Outcome Restructure","1076.01.04"
"1080.11.04","AA","code and description","1080.11.04 -"
"1080.11.05","AA","DAFF Prog","8442.01.01"
"1080.11.05","AS","sys_Outcome Restructure","1076.01.05"
"1080.11.05","AA","DAFF Original","8442.01"
"1080.11.05","AA","description","Plan for the Murray-Darling Basin: Updating the Science"
"1080.11.05","AA","code and description","1080.11.05 - Plan for the Murray-Darling Basin: Updating the Science"
"1080.12","AA","description","New water programs"
"1080.12","AA","code and description","1080.12 - New water programs"
"1080.12.01","AA","description","First Nations Environmental Water Partnerships Pilot Program"
"1080.12.01","AA","code and description","1080.12.01 - First Nations Environmental Water Partnerships Pilot Program"
"1080.12.02","AA","description","National Water Reform - First Nations Peoples' Water Ownership and Role in Decision Making"
"1080.12.02","AA","code and description","1080.12.02 - First Nations Peoples' Water Ownership and Role in Decision Making"
"1080.12.03","AA","description","First Nations Cultural Planning for Cultural Economies"
"1080.12.03","AA","code and description","1080.12.03 - First Nations Cultural Planning for Cultural Economies"
"1070","AA","description","CCEEW - Departmental - Outcome 1.1"
"1070","AA","code and description","1070 - CCEEW - Departmental - Outcome 1.1"
"1070","AS","CBMS Level Program","Y"
"1070.01","AA","description","Departmental - Outcome 1.1"
"1070.01","AA","code and description","1070.01 - Departmental - Outcome 1.1"
"1070.01.01","AA","DAFF Original","8647"
"1070.01.01","AA","description","Departmental - Outcome 1.1 - Data Entry"
"1070.01.01","AA","code and description","1070.01.01 - Departmental - Outcome 1.1 - Data Entry"
"1070.01.BAL","AA","description","Balancing items"
"1070.01.BAL","AA","code and description","1070.01.01 - Balancing items"
"1072","AA","description","CCEEW - Departmental - Outcome 1.2"
"1072","AA","code and description","1072 - CCEEW - Departmental - Outcome 1.2"
"1072","AS","CBMS Level Program","Y"
"1072.01.01","AA","DAFF Original","8651"
"1072.01.01","AA","description","Departmental - ARENA ASL - Data Entry"
"1072.01.01","AA","code and description","1072.01.01 - Departmental - ARENA ASL - Data Entry"
"1072.01.BAL","AA","code and description","1072.01.01 - Balancing items"
"1072.02.01","AA","code and description","1072.02.01 - Departmental - Outcome 1.2 - Data Entry"
"1073","AA","description","CCEEW - Departmental - Outcome 1.3"
"1073","AA","code and description","1073 - CCEEW - Departmental - Outcome 1.3"
"1073","AS","CBMS Level Program","Y"
"1073.01","AA","description","Departmental - Outcome 1.3"
"1073.01","AA","code and description","1073.01 - Departmental - Outcome 1.3"
"1073.01.01","AA","DAFF Original","8652"
"1073.01.01","AA","description","Departmental - Energy - Data Entry"
"1073.01.01","AA","code and description","1073.01.01 - Departmental - Energy - Data Entry"
"1073.01.BAL","AA","code and description","1073.01.01 - Balancing items"
"1081","AA","CBMS prog and description","1081 - CCEEW - Departmental - Outcome 2.1"
"1081","AA","description","CCEEW - Departmental - Outcome 2.1"
"1081","AA","code and description","1081 - CCEEW - Departmental - Outcome 2.1"
"1081","AS","CBMS Level Program","Y"
"1081.01","AA","code and description","1081.01 -"
"1081.01.01","AA","DAFF Prog","6247.01.01"
"1081.01.01","AN","DAFF Used Prog","1"
"1081.01.01","AA","DAFF Original","6247.01"
"1081.01.01","AA","description","Sustainable Management of Natural Resources and the Environment"
"1081.01.01","AA","code and description","1081.01.01 - Sustainable Management of Natural Resources and the Environment"
"1081.01.02","AA","DAFF Prog","6247.01.02"
"1081.01.02","AN","DAFF Used Prog","1"
"1081.01.02","AA","DAFF Original","6247.02"
"1081.01.02","AA","description","Environmental Information and Research"
"1081.01.02","AA","code and description","1081.01.02 - Environmental Information and Research"
"1081.01.03","AA","DAFF Prog","6247.01.03"
"1081.01.03","AN","DAFF Used Prog","1"
"1081.01.03","AA","DAFF Original","6247.03"
"1081.01.03","AA","description","Environmental Regulation"
"1081.01.03","AA","code and description","1081.01.03 - Environmental Regulation"
"1081.01.04","AA","DAFF Prog","6247.01.04"
"1081.01.04","AN","DAFF Used Prog","1"
"1081.01.04","AA","DAFF Original","6247.04"
"1081.01.04","AA","description","Management of Hazardous Wastes, Substances and Pollutants"
"1081.01.04","AA","code and description","1081.01.04 - Management of Hazardous Wastes, Substances and Pollutants"
"1081.01.05","AA","DAFF Prog","6247.01.05"
"1081.01.05","AN","DAFF Used Prog","1"
"1081.01.05","AA","DAFF Original","6247.05"
"1081.01.05","AA","description","6247.05 - Balance Sheet"
"1081.01.05","AA","code and description","1081.01.05 - 6247.05 - Balance Sheet"
"1082","AA","CBMS prog and description","1082 - CCEEW - Departmental - Outcome 2.2"
"1082","AA","description","CCEEW - Departmental - Outcome 2.2"
"1082","AA","code and description","1082 - CCEEW - Departmental - Outcome 2.2"
"1082","AS","CBMS Level Program","Y"
"1082.01","AA","code and description","1082.01 -"
"1082.01.01","AA","DAFF Prog","8168.01.01"
"1082.01.01","AN","DAFF Used Prog","1"
"1082.01.01","AA","DAFF Original","8168.01"
"1082.01.01","AA","description","Conservation of Australia's Heritage and Environment"
"1082.01.01","AA","code and description","1082.01.01 - Conservation of Australia's Heritage and Environment"
"1084","AA","CBMS prog and description","1084 - CCEEEW - Departmental – Outcome 3"
"1084","AA","description","CCEEEW - Departmental – Outcome 3"
"1084","AA","code and description","1084 - CCEEEW - Departmental – Outcome 3"
"1084","AS","CBMS Level Program","Y"
"1084.01","AA","code and description","1084.01 -"
"1084.01.01","AA","DAFF Prog","7668.01.01"
"1084.01.01","AN","DAFF Used Prog","1"
"1084.01.01","AA","DAFF Original","7668.01"
"1084.01.01","AA","description","CCEEEW - Departmental – Outcome 3 - Data Entry"
"1084.01.01","AA","code and description","1084.01.01 - CCEEEW - Departmental – Outcome 3 - Data Entry"
"1085","AA","CBMS prog and description","1085 - CCEEW - Departmental - Outcome 4"
"1085","AA","description","CCEEW - Departmental - Outcome 4"
"1085","AA","code and description","1085 - CCEEW - Departmental - Outcome 4"
"1085","AS","CBMS Level Program","Y"
"1085.01","AA","code and description","1085.01 -"
"1085.01.BAL","AS","sys_Outcome Restructure","1083.01.BAL"
"1085.01.01","AA","DAFF Prog","8596.01.01"
"1085.01.01","AN","DAFF Used Prog","1"
"1085.01.01","AA","DAFF Original","00004D"
"1085.01.01","AA","description","CCEEW - Departmental - Outcome 4 - Data Entry"
"1085.01.01","AA","code and description","1085.01.01 - CCEEW - Departmental - Outcome 4 - Data Entry"
"1085.01.02","AA","DAFF Prog","8442.01.02"
"1085.01.02","AS","sys_Outcome Restructure","1083.01.01"
"1085.01.02","AA","DAFF Original","8442.02"
"1085.01.02","AA","description","CCEEW - Dept - OC4 - Commonwealth Environmental Water Office"
"1085.01.02","AA","code and description","1085.01.02 - Dept - OC4 - Commonwealth Environmental Water Office"
"1085.01.03","AS","sys_Outcome Restructure","1083.01.02"
"1085.01.03","AA","description","8442.02 - Balance Sheet"
"1085.01.03","AA","code and description","1083.01.03- 8442.02 - Balance Sheet"
"SPP127","AA","SPP Mapping","SPP127"
"SPP127","AA","description","Great Artesian Basin Sustainability Initiative"
"SPP127","AA","code and description","SPP127 - Great Artesian Basin Sustainability Initiative"
"SPP533","AA","SPP Mapping","SPP533"
"SPP533","AA","description","Sustainable Rural Water Use and Infrastructure"
"SPP533","AA","code and description","SPP533 - Sustainable Rural Water Use and Infrastructure"
"SPP632","AA","SPP Mapping","SPP632"
"SPP632","AA","description","Implementing Water Reform in the Murray-Darling Basin"
"SPP632","AA","code and description","SPP632 - Implementing Water Reform in the Murray-Darling Basin"
"SPP752","AA","SPP Mapping","SPP752"
"SPP752","AA","description","World Heritage sites - management"
"SPP752","AA","code and description","SPP752 - World Heritage sites - management"
"SPP754","AA","SPP Mapping","SPP754"
"SPP754","AA","description","Hydrogen Energy Supply Chain Pilot Project"
"SPP754","AA","code and description","SPP754 - Hydrogen Energy Supply Chain Pilot Project"
"SPP776","AA","SPP Mapping","SPP776"
"SPP776","AA","description","On-Farm Emergency Water Infrastructure Rebate Scheme"
"SPP776","AA","code and description","SPP776 - On-Farm Emergency Water Infrastructure Rebate Scheme"
"SPP789","AA","SPP Mapping","SPP789"
"SPP789","AA","description","MarinusLink"
"SPP789","AA","code and description","SPP789 - MarinusLink"
"SPP790","AA","SPP Mapping","SPP790"
"SPP790","AA","description","Yellow Crazy Ants Control"
"SPP790","AA","code and description","SPP790 - Yellow Crazy Ants Control"
"SPP827","AA","SPP Mapping","SPP827"
"SPP827","AA","description","Recycling Infrastructure"
"SPP827","AA","code and description","SPP827 - Recycling Infrastructure"
"SPP845","AA","SPP Mapping","SPP845"
"SPP845","AA","description","Environmental Restoration Fund"
"SPP845","AA","code and description","SPP845 - Environment Restoration Fund"
"SPP860","AA","SPP Mapping","SPP860"
"SPP860","AA","code and description","SPP860 - National Water Grid Fund"
"SPP877","AA","SPP Mapping","SPP877"
"SPP877","AA","description","Hydro Tasmania's Tarraleah Hydro Power Station Redevelopment"
"SPP877","AA","code and description","SPP877 - Hydro Tasmania's Tarraleah Hydro Power Station Redevelopment"
"SPP893","AA","SPP Mapping","SPP893"
"SPP893","AA","description","Transforming Digital Environmental Assessment"
"SPP893","AA","code and description","SPP893 - Transforming Digital Environmental Assessment"
"SPP899","AA","SPP Mapping","SPP899"
"SPP899","AA","description","CarbonNet"
"SPP899","AA","code and description","SPP899 - CarbonNet"
"SPP903","AA","SPP Mapping","SPP903"
"SPP903","AA","description","RMF - Plastics Technology Stream"
"SPP903","AA","code and description","SPP903 - RMF - Plastics Technology Stream"
"SPP915","AA","SPP Mapping","SPP915"
"SPP915","AA","description","Food Waste for Healthy Soils Fund"
"SPP915","AA","code and description","SPP915 - Food Waste for Healthy Soils Fund"
"SPP927","AA","SPP Mapping","SPP927"
"SPP927","AA","description","Delivering Stronger Paddock to Reef Monitoring"
"SPP927","AA","code and description","SPP927 - Delivering Stronger Paddock to Reef Monitoring"
"SPP928","AA","SPP Mapping","SPP928"
"SPP928","AA","description","Urban Rivers and Catchments Program"
"SPP928","AA","code and description","SPP928 - Urban Rivers and Catchments Program"
"SPP930","AA","SPP Mapping","SPP930"
"SPP930","AA","description","Sustainable Fisheries"
"SPP930","AA","code and description","SPP930 - Sustainable Fisheries"
"SPP931","AA","SPP Mapping","SPP931"
"SPP931","AA","description","Community Solar Banks Program"
"SPP931","AA","code and description","SPP931 - Community Solar Banks Program"
"SPP945","AA","SPP Mapping","SPP945"
"SPP945","AA","description","Improving compliance in the Murray-Darling Basin"
"SPP945","AA","code and description","SPP945 - Improving compliance in the Murray-Darling Basin"
"SPP946","AA","SPP Mapping","SPP946"
"SPP946","AA","description","Marine Parks Management - NT Marine Parks"
"SPP946","AA","code and description","SPP946 - Marine Parks Management - NT Marine Parks"
"SPP947","AA","SPP Mapping","SPP947"
"SPP947","AA","description","Investing in Australia's Indigenous Culture World Heritage"
"SPP947","AA","code and description","SPP947 - Investing in Australia's Indigenous Culture World Heritage"
"SPP951","AA","SPP Mapping","SPP951"
"SPP951","AA","description","Hydrogen Highways"
"SPP951","AA","code and description","SPP951 - Hydrogen Highways"
"SPP954","AA","SPP Mapping","SPP954"
"SPP954","AA","description","Energy Price Relief Plan – coal price cap"
"SPP954","AA","code and description","SPP954 - Energy Price Relief Plan – coal price cap"
"SPP971","AA","SPP Mapping","SPP971"
"SPP971","AA","description","Capacity Investment Mechanism"
"SPP971","AA","code and description","SPP971 - Capacity Investment Mechanism"
"SPP1007","AA","SPP Mapping","SPP1007"
"SPP1007","AA","description","Household Energy Upgrades Fund (SHEPI)"
"SPP1007","AA","code and description","SPP1007 - Household Energy Upgrades Fund (SHEPI)"
"SPP1012","AA","SPP Mapping","SPP1012"
"SPP1012","AA","description","Saving Native Species Program"
"SPP1012","AA","code and description","SPP1012 - Saving Native Species Program"
"SPP1020","AA","SPP Mapping","SPP1020"
"SPP1020","AA","description","Improving health and environmental outcomes for the Upper Murrumbidgee"
"SPP1020","AA","code and description","SPP1020 - Improving health and environmental outcomes for the Upper Murrumbidgee"
"SPP1021","AA","SPP Mapping","SPP1021"
"SPP1021","AA","description","Improving health and environmental outcomes for the Upper Murrumbidgee – Current"
"SPP1021","AA","code and description","SPP1021 - Improving health and environmental outcomes for the Upper Murrumbidgee – Current"
"SPP1051","AA","SPP Mapping","SPP1051"
"SPP1051","AA","description","National Hydrogen Technology Skills Training Centre"
"SPP1051","AA","code and description","SPP1051 - National Hydrogen Technology Skills Training Centre"
"SPP1060","AA","SPP Mapping","SPP1060"
"SPP1060","AA","description","Macquarie Wharf 6 (Port of Hobart)"
"SPP1060","AA","code and description","SPP1060 - Macquarie Wharf 6 (Port of Hobart)"
"SPP1078","AA","SPP Mapping","SPP1078"
"SPP1078","AA","description","Household Energy Upgrades Fund Extension (SHEPI Expansion)"
"SPP1078","AA","code and description","SPP1078 - Household Energy Upgrades Fund Extension (SHEPI Expansion)"
"CR.A.OC01.001","AA","description","Australian Carbon Credit Units"
"CR.A.OC01.001","AA","code and description","CR.A.OC 1.001 - Australian Carbon Credit Units"
"CR.A.OC01.002","AA","code and description","CR.A.OC 1.002 - Capacity Investment Scheme"
"CR.A.OC02.001","AA","description","Flood Warning Infrastructure Network Remediation"
"CR.A.OC02.001","AA","code and description","CR.A.OC 2.001 - Flood Warning Infrastructure Network Remediation"
"CR.A.OC02.002","AA","description","Support for Kakadu Visitor Centre in Jabiru"
"CR.A.OC02.002","AA","code and description","CR.A.OC 2.002 - Support for Kakadu Visitor Centre in Jabiru"
"CR.A.OC02.003","AA","description","National Space Mission for Earth Observation: (Himawari 10)"
"CR.A.OC02.003","AA","code and description","CR.A.OC 2.003 - National Space Mission for Earth Observation: (Himawari 10)"
"CR.A.OC04.001","AA","description","Additional water releases for Upper Murrumbidgee"
"CR.A.OC04.001","AA","code and description","CR.A.OC 4.001 - Additional water releases for Upper Murrumbidgee"
"CR.D.OC01.001","AA","description","Battery Breakthrough Initiative"
"CR.D.OC01.001","AA","code and description","CR.D.OC 1.001 - Battery Breakthrough Initiative"
"CR.D.OC01.002","AA","description","Battery Breakthrough Initiative - additional funding"
"CR.D.OC01.002","AA","code and description","CR.D.OC 1.002 - Battery Breakthrough Initiative - additional funding"
"CR.D.OC01.003","AA","description","Port Augusta Concentrated Solar Thermal Power Project - equity funding"
"CR.D.OC01.003","AA","code and description","CR.D.OC 1.003 - Port Augusta Concentrated Solar Thermal Power Project - equity funding"
"CR.D.OC02.001","AA","code and description","CR.D.OC 2.001 - Flood Warning Infrastructure Network Remediation"
"CR.D.OC02.002","AA","code and description","CR.D.OC 2.002 - National Space Mission for Earth Observation: (Himawari 10)"
"1068.01.01","AA","description","ARENA Bill 1_old"
"1068.01.01","AA","code and description","1068.01.01 - ARENA Bill 1_old"
"1068.01.02","AA","description","Australian Renewable Energy Agency Act 2011_old"
"1068.01.02","AA","code and description","1068.01.02 - Australian Renewable Energy Agency Act 2011_old"
"1068.01.03","AA","description","Clean Energy Finance Corporation Act 2012_old"
"1068.01.03","AA","code and description","1068.01.03 - Clean Energy Finance Corporation Act 2012_old"
"1068.01.04","AA","description","Clean Energy Finance Corporation Special Account_old"
"1068.01.04","AA","code and description","1068.01.04 - Clean Energy Finance Corporation Special Account_old"
"1068.01.05","AA","description","Payment to ARENA_old"
"1068.01.05","AA","code and description","1068.01.05 - Payment to ARENA_old"
"1068.01.06","AA","description","Balance Sheet_old"
"1068.01.06","AA","code and description","1068.01.06 - Balance Sheet_old"
"1068.01.07","AA","description","Payment to CEFC_old"
"1068.01.07","AA","code and description","1068.01.07 - Payment to CEFC_old"
"1068.01.08","AA","description","Grid Reliability Fund Special Account_old"
"1068.01.08","AA","code and description","1068.01.08 - Grid Reliability Fund Special Account_old"
"1068.01.09","AA","description","Low Emissions Technology Commercialisation Fund_old"
"1068.01.09","AA","code and description","1068.01.09 - Low Emissions Technology Commercialisation Fund_old"
"1068.01.10","AA","description","Payment to NOPSEMA_old"
"1068.01.10","AA","code and description","1068.01.10 - Payment to NOPSEMA_old"
"1068.01.11","AA","code and description","1068.01.11 -"
"1075.01.01","AN","DAFF Used Prog","1"
"1075.01.01","AA","description","National Environmental Science Program_old"
"1075.01.01","AA","code and description","1075.01.01 - National Environmental Science Program_old"
"1075.01.02","AN","DAFF Used Prog","1"
"1075.01.02","AA","description","Australian Biological Resources Study_old"
"1075.01.02","AA","code and description","1075.01.02 - Australian Biological Resources Study_old"
"1075.01.03","AN","DAFF Used Prog","1"
"1075.01.03","AA","description","Independent Expert Scientific Committee on Coal Seam Gas & Large Coal Mining_old"
"1075.01.03","AA","code and description","1075.01.03 - Independent Expert Scientific Committee on Coal Seam Gas & Large Coal Mining_old"
"1075.01.04","AN","DAFF Used Prog","1"
"1075.01.04","AA","description","Harry Butler Environment Education Centre_old"
"1075.01.04","AA","code and description","1075.01.04 - Harry Butler Environment Education Centre_old"
"1075.01.05","AN","DAFF Used Prog","1"
"1075.01.05","AA","description","National Centre for Coasts, Environment and Climate_old"
"1075.01.05","AA","code and description","1075.01.05 - National Centre for Coasts, Environment and Climate_old"
"1075.01.06","AN","DAFF Used Prog","1"
"1075.01.06","AA","code and description","1075.01.06 -_old"
"1075.01.07","AA","description","Reef2050 - Research to support landscape restoration_old"
"1075.01.07","AA","code and description","1075.01.07 - Reef2050 - Research to support landscape restoration_old"
"1075.01.08","AA","description","Australian Institute of Marine Science (Payment to AIMS)_old"
"1075.01.08","AA","code and description","1075.01.08 - Australian Institute of Marine Science (Payment to AIMS)_old"
"1076.01.01","AN","DAFF Used Prog","1"
"1076.01.01","AA","description","MDB Environmental Knowledge and Research_old"
"1076.01.01","AA","code and description","1076.01.01 - MDB Environmental Knowledge and Research_old"
"1076.01.02","AN","DAFF Used Prog","1"
"1076.01.02","AA","description","Commonwealth Environmental Water Office_old"
"1076.01.02","AA","code and description","1076.01.02 - Commonwealth Environmental Water Office_old"
"1076.01.03","AN","DAFF Used Prog","1"
"1076.01.03","AA","description","Environmental Water Holdings Special Account_old"
"1076.01.03","AA","code and description","1076.01.03 - Environmental Water Holdings Special Account_old"
"1076.01.04","AN","DAFF Used Prog","1"
"1076.01.04","AA","code and description","1076.01.04 -"
"1076.01.05","AA","description","Plan for the Murray-Darling Basin_old"
"1076.01.05","AA","code and description","1076.01.05 - Plan for the Murray-Darling Basin_old"
"1078.01.01","AA","DAFF Prog","7821.01.01"
"1078.01.01","AN","DAFF Used Prog","1"
"1078.01.01","AA","DAFF Original","7821.01"
"1078.01.01","AA","description","EPBC - Water Resources Amendment Act_old"
"1078.01.01","AA","code and description","1078.01.01 - EPBC - Water Resources Amendment Act_old"
"1083.01.01","AN","DAFF Used Prog","1"
"1083.01.01","AA","description","Commonwealth Environmental Water_old"
"1083.01.01","AA","code and description","1083.01.01 - Commonwealth Environmental Water_old"
"1083.01.02","AN","DAFF Used Prog","1"
"1083.01.02","AA","description","8442.02 - Balance Sheet_old"
"1083.01.02","AA","code and description","1083.01.02 - 8442.02 - Balance Sheet_old"
"1068","AA","description","Renewable Energy Technology Development"
"1068","AA","code and description","1068 - Renewable Energy Technology Development"
"1068.01","AA","code and description","1068.01 -"
"1075","AA","CBMS prog and description","1075 - Environmental Information and Research"
"1075","AA","description","1075 - Environmental Information and Research"
"1075","AA","code and description","1075 - Environmental Information and Research"
"1075.01","AA","code and description","1075.01 -"
"1076","AA","CBMS prog and description","1076 - Commonwealth Environmental Water"
"1076","AA","description","1076 - Commonwealth Environmental Water"
"1076","AA","code and description","1076 - Commonwealth Environmental Water"
"1076.01","AA","code and description","1076.01 -"
"1078","AA","CBMS prog and description","1078 - Environmental Regulation"
"1078","AA","description","1078 - Environmental Regulation"
"1078","AA","code and description","1078 - Environmental Regulation"
"1078.01","AA","code and description","1078.01 -"
"1083","AA","CBMS prog","1083"
"1083","AA","CBMS prog and description","1083 - CCEEW - Departmental - Outcome 2.3"
"1083","AA","description","CCEEW - Departmental - Outcome 2.3"
"1083","AA","code and description","1083 - CCEEW - Departmental - Outcome 2.3"
"1083","AS","CBMS Level Program","Y"
"1083.01","AA","code and description","1083.01 -"
"1080.13.02","AA","DAFF Original","437025"
"1080.13.02","AA","description","WATERREF - Water Loan facility - Interest & Discounts"
"1080.13.02","AA","code and description","1080.13.02 - WATERREF - Water Loan facility - Interest & Discounts"
"1080.14","AA","description","MDBA updating the Science programme"
"1080.14","AA","code and description","1080.14 - MDBA Updating the Science"
"1080.14.01","AA","DAFF Original","110033"
"1080.14.01","AA","description","MDBA updating the Science"
"1080.14.01","AA","code and description","1080.14.01 - MDBA updating the Science"
"1080.15.01","AA","DAFF Original","000255old"
"1080.15.01","AA","description","MDBA - MDBP - Second Pass Business Case (cc)"
"1080.15.01","AA","code and description","1080.15.01 - MDBA - MDBP - Second Pass Business Case (cc)"
"1080.16.01","AA","DAFF Original","000256old"
"1080.16.01","AA","description","MDBA - MDBP - Sustainable Rivers (ADM) (CC)"
"1080.16.01","AA","code and description","1080.16.01 - MDBA - MDBP - Sustainable Rivers (ADM) (CC)"
"1080.17.01","AA","DAFF Original","000554"
"1080.17.01","AA","description","MDBA - Strengthening Compliance in the MDB"
"1080.17.01","AA","code and description","1080.17.01 - MDBA - Strengthening Compliance in the MDB"
"1080.18.01","AA","DAFF Original","000258old"
"1080.19.01","AA","DAFF Original","000259old"
"1080.19.01","AA","description","Committee on Indigenous Water Interests"
"1080.19.01","AA","code and description","1080.19.01 - Committee on Indigenous Water Interests"
"1080.20.01","AA","DAFF Original","000614Old"
"1080.20.01","AA","description","Sustainable Rural Water Use & Infrastructure Programme (SRWUIP) - MIL reducing infrastructure network system losses"
"1080.20.01","AA","code and description","1080.20.01 - Sustainable Rural Water Use & Infrastructure Programme (SRWUIP) - MIL reducing infrastructure network system losses"
"1080.21.01","AA","DAFF Original","NWIDF1old"
"1080.21.01","AA","description","NWIDF1 - WATERREF - National Water Infrastructure Development Fund (NWIDF)"
"1080.21.01","AA","code and description","1080.21.01 - NWIDF1 - WATERREF - National Water Infrastructure Development Fund (NWIDF)"
"1080.21.02","AA","DAFF Original","NWGA01old"
"1080.21.02","AA","description","NWGA01 - WATERREF - National Water Grid Authority"
"1080.21.02","AA","code and description","1080.21.02 - NWGA01 - WATERREF - National Water Grid Authority"
"1080.22.01","AA","DAFF Original","110031old"
"1080.22.01","AA","description","MDBA increase compliance"
"1080.22.01","AA","code and description","1080.22.01 - MDBA increase compliance"
"1080.22.02","AA","DAFF Original","110032old"
"1080.22.02","AA","description","PT MDBA - increase complianceold"
"1080.22.02","AA","code and description","1080.22.02 - PT MDBA - increase compliance"
"1080.23.01","AA","DAFF Original","110033old"
"1080.23.01","AA","code and description","1080.23.01 - MDBA updating the Science"
"1080.23.02","AA","DAFF Original","110034old"
"1080.23.02","AA","description","PT MDBA-update Sci-future proof"
"1080.23.02","AA","code and description","1080.23.02 - PT MDBA-update Sci-future proof"
"1080.23.03","AA","DAFF Original","110035old"
"1080.23.03","AA","description","PT MDBA-update Sci-sus yield audit"
"1080.23.03","AA","code and description","1080.23.03 - PT MDBA-update Sci-sus yield audit"
"1074.01.32","AA","DAFF Prog","7674.01.71"
"1074.01.32","AA","DAFF Original","000595"
"1074.01.32","AA","description","OLP - SOE Turtle Nest Protection."
"1074.01.32","AA","code and description","1074.01.32 - OLP - SOE Turtle Nest Protection."
"1074.01.33","AA","DAFF Prog","7674.01.72"
"1074.01.33","AA","DAFF Original","000592"
"1074.01.33","AA","description","OLP - SOE Fisheries Bycatch Mitigation."
"1074.01.33","AA","code and description","1074.01.33 - OLP - SOE Fisheries Bycatch Mitigation."
"1074.01.34","AA","DAFF Prog","7674.01.73"
"1074.01.34","AA","DAFF Original","000594"
"1074.01.34","AA","description","OLP - SOE Reducing light pollution."
"1074.01.34","AA","code and description","1074.01.34 - OLP - SOE Reducing light pollution."
"1074.01.35","AA","DAFF Prog","7674.01.74"
"1074.01.35","AA","DAFF Original","000593"
"1074.01.35","AA","description","OLP - SOE Marine Turtle-Climate change."
"1074.01.35","AA","code and description","1074.01.35 - OLP - SOE Marine Turtle-Climate change."
"1074.01.36","AA","DAFF Prog","7674.01.75"
"1074.01.36","AA","DAFF Original","000591"
"1074.01.36","AA","description","OLP - SOE Conservation of Handfish."
"1074.01.36","AA","code and description","1074.01.36 - OLP - SOE Conservation of Handfish."
"1074.01.50","AA","DAFF Prog","7674.01.96"
"1074.01.50","AA","DAFF Original","110028"
"1074.01.50","AA","description","Restoring Funding to the Environmental Defenders Office"
"1074.01.50","AA","code and description","1074.01.50 - Restoring Funding to the Environmental Defenders Office"
"1074.01.51","AA","DAFF Prog","7674.01.97"
"1074.01.51","AA","DAFF Original","110029"
"1074.01.51","AA","description","Environmental Justice Australia"
"1074.01.51","AA","code and description","1074.01.51 - Environmental Justice Australia"
"1074.01.52","AA","DAFF Prog","7674.01.98"
"1074.01.52","AA","DAFF Original","110009"
"1074.01.52","AA","description","Tailored actions for priority species"
"1074.01.52","AA","code and description","1074.01.52 - Tailored actions for priority species"
"1074.01.53","AA","DAFF Prog","7674.01.99"
"1074.01.53","AA","DAFF Original","110010"
"1074.01.53","AA","description","Emergency Actions for species"
"1074.01.53","AA","code and description","1074.01.53 - Emergency Actions for species"
"1074.01.54","AA","DAFF Prog","7674.01.100"
"1074.01.54","AA","DAFF Original","110011"
"1074.01.54","AA","description","Landscape scale threat abatement"
"1074.01.54","AA","code and description","1074.01.54 - Landscape scale threat abatement"
"1074.01.55","AA","DAFF Prog","7674.01.101"
"1074.01.55","AA","DAFF Original","110012"
"1074.01.55","AA","description","Tackling Gamba grass in NT"
"1074.01.55","AA","code and description","1074.01.55 - Tackling Gamba grass in NT"
"1074.01.56","AA","DAFF Prog","7674.01.102"
"1074.01.56","AA","DAFF Original","110013"
"1074.01.56","AA","description","Koala recovery activities"
"1074.01.56","AA","code and description","1074.01.56 - Koala recovery activities"
"1074.01.57","AA","DAFF Prog","7674.01.103"
"1074.01.57","AA","DAFF Original","110014"
"1074.01.57","AA","description","Game changers"
"1074.01.57","AA","code and description","1074.01.57 - Game changers"
"1074.01.58","AA","DAFF Prog","7674.01.104"
"1074.01.58","AA","DAFF Original","110015"
"1074.01.58","AA","description","Coordination of recovery actions"
"1074.01.58","AA","code and description","1074.01.58 - Coordination of recovery actions"
"1074.01.43","AA","DAFF Prog","7674.01.88"
"1074.01.43","AA","DAFF Original","000803"
"1074.01.43","AA","description","Accelerating Actions to Meet Water Quality Targets -  Water Quality Improvement  (DAWE)"
"1074.01.43","AA","code and description","1074.01.43 - Accelerating Actions to Meet Water Quality Targets -  Water Quality Improvement  (DAWE)"
"1074.01.44","AA","DAFF Prog","7674.01.89"
"1074.01.44","AA","DAFF Original","000804"
"1074.01.44","AA","description","Turing innovative science into real Reef solutions - Reef Adaptation and restoration (RRAP) (DAWE)"
"1074.01.44","AA","code and description","1074.01.44 - Turing innovative science into real Reef solutions - Reef Adaptation and restoration (RRAP) (DAWE)"
"1074.01.45","AA","DAFF Prog","7674.01.90"
"1074.01.45","AA","DAFF Original","000805"
"1074.01.45","AA","description","Community and Traditional Owner on-ground Reef protection projects (DAWE)"
"1074.01.45","AA","code and description","1074.01.45 - Community and Traditional Owner on-ground Reef protection projects (DAWE)"
"1074.01.46","AA","DAFF Prog","7674.01.91"
"1074.01.46","AA","DAFF Original","000806"
"1074.01.46","AA","description","Reducing the impact of fishing  -Initiative 1  Data Validation (DAWE)"
"1074.01.46","AA","code and description","1074.01.46 - Reducing the impact of fishing  -Initiative 1  Data Validation (DAWE)"
"1074.01.17","AA","DAFF Prog","7674.01.17"
"1074.01.17","AN","DAFF Used Prog","1"
"1074.01.17","AA","DAFF Original","000775"
"1074.01.17","AA","description","Payment to DNP - Marine Parks"
"1074.01.17","AA","code and description","1074.01.17 - Payment to DNP - Marine Parks"
"1074.01.18","AA","DAFF Prog","7674.01.18"
"1074.01.18","AA","DAFF Original","000778"
"1074.01.18","AA","description","Payment to DNP - Ghost Nets"
"1074.01.18","AA","code and description","1074.01.18 - Payment to DNP - Ghost Nets"
"1074.01.24","AA","DAFF Prog","7674.01.63"
"1074.01.24","AN","DAFF Used Prog","1"
"1074.01.24","AA","DAFF Original","000587"
"1074.01.24","AA","description","DNP OLP-AMP Indian Ocean Territories"
"1074.01.24","AA","code and description","1074.01.24 - DNP OLP-AMP Indian Ocean Territories"
"1074.01.25","AA","DAFF Prog","7674.01.64"
"1074.01.25","AN","DAFF Used Prog","1"
"1074.01.25","AA","DAFF Original","000588"
"1074.01.25","AA","description","DNP OLP-AMP Nat Parks ConsHabProtect Adm"
"1074.01.25","AA","code and description","1074.01.25 - DNP OLP-AMP Nat Parks ConsHabProtect Adm"
"1074.01.26","AA","DAFF Prog","7674.01.65"
"1074.01.26","AN","DAFF Used Prog","1"
"1074.01.26","AA","DAFF Original","000589"
"1074.01.26","AA","description","DNP OLP-AMP Nat Parks ConsHabProtect Dep"
"1074.01.26","AA","code and description","1074.01.26 - DNP OLP-AMP Nat Parks ConsHabProtect Dep"
"1074.01.27","AA","DAFF Prog","7674.01.66"
"1074.01.27","AA","DAFF Original","000590"
"1074.01.27","AA","description","DNP OLP-AMP Our Marine Parks Dep."
"1074.01.27","AA","code and description","1074.01.27 - DNP OLP-AMP Our Marine Parks Dep."
"1074.01.37","AA","DAFF Prog","7674.01.76"
"1074.01.37","AA","DAFF Original","000586"
"1074.01.37","AA","description","DNP OLP - Sustainable Ocean Action Plan."
"1074.01.37","AA","code and description","1074.01.37 - DNP OLP - Sustainable Ocean Action Plan."
"1074.01.40","AA","DAFF Prog","7674.01.83"
"1074.01.40","AA","DAFF Original","000795"
"1074.01.40","AA","description","DNP - Update on recovery of visitation to parks and marine parks and associated revenue [VISITATION]"
"1074.01.40","AA","code and description","1074.01.40 - DNP - Update on recovery of visitation to parks and marine parks and associated revenue [VISITATION]"
"1074.01.41","AA","DAFF Prog","7674.01.84"
"1074.01.41","AA","DAFF Original","000796"
"1074.01.41","AA","description","DNP -  Second pass business case for capital funding"
"1074.01.41","AA","code and description","1074.01.41 - DNP -  Second pass business case for capital funding"
"1074.01.48","AA","DAFF Prog","7674.01.94"
"1074.01.48","AA","DAFF Original","000700"
"1074.01.48","AA","description","Boosting Indigenous Employment in Conservation of Cmmwlth National Parks."
"1074.01.48","AA","code and description","1074.01.48 - Boosting Indigenous Employment in Conservation of Cmmwlth National Parks."
"1074.01.66","AA","DAFF Prog","7674.01.112"
"1074.01.66","AN","DAFF Used Prog","1"
"1074.01.66","AA","DAFF Original","110024"
"1074.01.66","AA","description","Passthrough to DNP - Ocean and Marine Parks Management"
"1074.01.66","AA","code and description","1074.01.66 - Passthrough to DNP - Ocean and Marine Parks Management"
"1074.01.08","AA","DAFF Prog","7674.01.08"
"1074.01.08","AA","DAFF Original","7674.09"
"1074.01.08","AA","description","Communities Environment Program"
"1074.01.08","AA","code and description","1074.01.08 - Communities Environment Program"
"1074.01.13","AA","DAFF Prog","7674.01.13"
"1074.01.13","AN","DAFF Used Prog","1"
"1074.01.13","AA","DAFF Original","7674.14"
"1074.01.13","AA","description","Bushfire Wildlife Recovery Program - ERF"
"1074.01.13","AA","code and description","1074.01.13 - Bushfire Wildlife Recovery Program - ERF"
"1074.01.14","AA","DAFF Prog","7674.01.14"
"1074.01.14","AN","DAFF Used Prog","1"
"1074.01.14","AA","DAFF Original","7674.15"
"1074.01.14","AA","description","COVID 19 Measure DNP"
"1074.01.14","AA","code and description","1074.01.14 - COVID 19 Measure DNP"
"1074.01.16","AA","DAFF Prog","7674.01.16"
"1074.01.16","AN","DAFF Used Prog","1"
"1074.01.16","AA","DAFF Original","000773"
"1074.01.16","AA","description","Reef Builder"
"1074.01.16","AA","code and description","1074.01.16 - Reef Builder"
"1074.01.42","AA","DAFF Prog","7674.01.87"
"1074.01.42","AA","DAFF Original","000802"
"1074.01.42","AA","description","Plant a Tree for the Jubilee Program."
"1074.01.42","AA","code and description","1074.01.42 - Plant a Tree for the Jubilee Program."
"1074.01.49","AA","DAFF Prog","7674.01.95"
"1074.01.49","AA","DAFF Original","000809"
"1074.01.49","AA","description","Environment Restoration Fund (ERF) - River Torrens"
"1074.01.49","AA","code and description","1074.01.49 - Environment Restoration Fund (ERF) - River Torrens"
"1079.01.03","AA","DAFF Prog","7673.01.03"
"1079.01.03","AN","DAFF Used Prog","1"
"1079.01.03","AA","DAFF Original","7673.03"
"1079.01.03","AA","description","Surf Life Saving Cleaner Outboard Engines Scheme"
"1079.01.03","AA","code and description","1079.01.03 - Surf Life Saving Cleaner Outboard Engines Scheme"
"1079.01.11","AA","DAFF Prog","7673.01.11"
"1079.01.11","AN","DAFF Used Prog","1"
"1079.01.11","AA","DAFF Original","7673.11"
"1079.01.11","AA","description","Program 1.6 Environment and Energy and Emissions Reduction Campaign"
"1079.01.11","AA","code and description","1079.01.11 - Program 1.6 Environment and Energy and Emissions Reduction Campaign"
"1079.01.16","AA","DAFF Prog","7673.01.31"
"1079.01.16","AA","DAFF Original","000791"
"1079.01.16","AA","description","National Recycling Campaign"
"1079.01.16","AA","code and description","1079.01.16 - National Recycling Campaign"
"1074.01.19","AA","DAFF Prog","7674.01.19"
"1074.01.19","AN","DAFF Used Prog","1"
"1074.01.19","AA","DAFF Original","000789"
"1074.01.19","AA","description","Landcare Enviro Groups Sturt Upper Reaches"
"1074.01.19","AA","code and description","1074.01.19 - Landcare Enviro Groups Sturt Upper Reaches"
"1074.01.20","AA","DAFF Prog","7674.01.20"
"1074.01.20","AA","DAFF Original","000787"
"1074.01.20","AA","description","Landcare Enviro Groups Goolwa to Wellington"
"1074.01.20","AA","code and description","1074.01.20 - Landcare Enviro Groups Goolwa to Wellington"
"1074.01.21","AA","DAFF Prog","7674.01.21"
"1074.01.21","AN","DAFF Used Prog","1"
"1074.01.21","AA","DAFF Original","000788"
"1074.01.21","AA","description","Landcare Enviro Groups Hindmarsh Island"
"1074.01.21","AA","code and description","1074.01.21 - Landcare Enviro Groups Hindmarsh Island"
"1074.01.22","AA","DAFF Prog","7674.01.22"
"1074.01.22","AN","DAFF Used Prog","1"
"1074.01.22","AA","DAFF Original","000786"
"1074.01.22","AA","description","Landcare Enviro Groups Friends of Dudley Peninsula Parks"
"1074.01.22","AA","code and description","1074.01.22 - Landcare Enviro Groups Friends of Dudley Peninsula Parks"
