"Government decision or measure","AS","measure required","Y"
"Government decision or measure","AA","CBMS","Government decision or measure"
"Government decision or measure","AA","CBMS code and description","1001 - Government decision or measure"
"Government decision or measure","AA","CBMS reason code","1001"
"1004","AA","CBMS","Eco - Change in price and wage indices"
"1004","AA","CBMS code and description","1004 - Eco - Change in price and wage indices"
"1004","AA","CBMS reason code","1004"
"1005","AA","CBMS","Eco - Change in UBR"
"1005","AA","CBMS code and description","1005 - Eco - Change in UBR"
"1005","AA","CBMS reason code","1005"
"1008","AA","CBMS","Eco - Change in forex or interest rates"
"1008","AA","CBMS code and description","1008 - Eco - Change in forex or interest rates"
"1008","AA","CBMS reason code","1008"
"1009","AA","CBMS","PDI Changes - Treasury/AOFM only"
"1009","AA","CBMS code and description","1009 - PDI Changes - Treasury/AOFM only"
"1009","AA","CBMS reason code","1009"
"1011","AS","measure optional","Y"
"1011","AA","CBMS","PSP - changes in rates or beneficiaries"
"1011","AA","CBMS code and description","1011 - PSP - changes in rates or beneficiaries"
"1011","AA","CBMS reason code","1011"
"1012","AA","CBMS","Program Specific - other variations"
"1012","AA","CBMS code and description","1012 - Program Specific - other variations"
"1012","AA","CBMS reason code","1012"
"1015","AA","CBMS","Application of the efficiency dividend"
"1015","AA","CBMS code and description","1015 - Application of the efficiency dividend"
"1015","AA","CBMS reason code","1015"
"1018","AA","CBMS","Movement of Funds - between years"
"1018","AA","CBMS code and description","1018 - Movement of Funds - between years"
"1018","AA","CBMS reason code","1018"
"1019","AA","CBMS","Self balancing transfers"
"1019","AA","CBMS code and description","1019 - Self balancing transfers"
"1019","AA","CBMS reason code","1019"
"1020","AA","CBMS","Section 75 transfers between entities"
"1020","AA","CBMS code and description","1020 - Section 75 transfers between entities"
"1020","AA","CBMS reason code","1020"
"1021","AA","CBMS","Eliminations - Finance only"
"1021","AA","CBMS code and description","1021 - Eliminations - Finance only"
"1021","AA","CBMS reason code","1021"
"1022","AA","CBMS","Adjustments to opening balances"
"1022","AA","CBMS code and description","1022 - Adjustments to opening balances"
"1022","AA","CBMS reason code","1022"
"1029","AA","CBMS","Variations not elsewhere defined"
"1029","AA","CBMS code and description","1029 - Variations not elsewhere defined"
"1029","AA","CBMS reason code","1029"
"1032","AA","CBMS","Central processes - Finance only"
"1032","AA","CBMS code and description","1032 - Central processes - Finance only"
"1032","AA","CBMS reason code","1032"
"1033","AA","CBMS","Creation of 3rd Forward Year Estimate"
"1033","AA","CBMS code and description","1033 - Creation of 3rd Forward Year Estimate"
"1033","AA","CBMS reason code","1033"
"Balance Sheet or Related Entity","AA","CBMS","Balance Sheet or Related Entity"
"Balance Sheet or Related Entity","AA","CBMS code and description","1034 - Balance Sheet or Related Entity"
"Balance Sheet or Related Entity","AA","CBMS reason code","1034"
"1036","AA","CBMS","GST Payments to States - Treasury only"
"1036","AA","CBMS code and description","1036 - GST Payments to States - Treasury only"
"1036","AA","CBMS reason code","1036"
"1038","AA","CBMS","Monthly Actuals"
"1038","AA","CBMS code and description","1038 - Monthly Actuals"
"1038","AA","CBMS reason code","1038"
"Whole of Government Savings","AA","CBMS","Whole of Government Savings"
"Whole of Government Savings","AA","CBMS code and description","1039 - Whole of Government Savings"
"Whole of Government Savings","AA","CBMS reason code","1039"
"1040","AA","CBMS","Actuals"
"1040","AA","CBMS code and description","1040 - Actuals"
"1040","AA","CBMS reason code","1040"
"1041","AA","CBMS","Operating Losses"
"1041","AA","CBMS code and description","1041 - Operating Losses"
"1041","AA","CBMS reason code","1041"
"1042","AA","CBMS","Taxation Receipts"
"1042","AA","CBMS code and description","1042 - Taxation Receipts"
"1042","AA","CBMS reason code","1042"
"1045","AA","CBMS","Interest Equiv Paymts (IEPs) approp"
"1045","AA","CBMS code and description","1045 - Interest Equiv Paymts (IEPs) approp"
"1045","AA","CBMS reason code","1045"
"1046","AA","CBMS","Adjustment copied from previous round"
"1046","AA","CBMS code and description","1046 - Adjustment copied from previous round"
"1046","AA","CBMS reason code","1046"
"1049","AA","CBMS","existing leases AASB 16 transition"
"1049","AA","CBMS code and description","1049 - existing leases AASB 16 transition"
"1049","AA","CBMS reason code","1049"
"Slippage in budget measure","AS","CBMS-R Mapping","1029"
"Slippage in budget measure","AS","disabled","Y"
"Slippage in budget measure","AA","CBMS","zz_[DO NOT USE] Slippage in budget measure"
"Change in interest rates","AS","CBMS-R Mapping","1008"
"Change in interest rates","AS","disabled","Y"
"Change in interest rates","AA","CBMS","zz_[DO NOT USE] Change in interest rates"
"Changes in price & wage indices","AS","CBMS-R Mapping","1004"
"Changes in price & wage indices","AS","disabled","Y"
"Changes in price & wage indices","AA","CBMS","Changes in price & wage indices"
"Changes in number of unemployment beneficiaries","AS","CBMS-R Mapping","1005"
"Changes in number of unemployment beneficiaries","AS","disabled","Y"
"Changes in number of unemployment beneficiaries","AA","CBMS","Changes in number of unemployment beneficiaries"
"Changes in foreign exchange rates","AS","CBMS-R Mapping","1008"
"Changes in foreign exchange rates","AS","disabled","Y"
"Changes in foreign exchange rates","AA","CBMS","zz_[DO NOT USE] Changes in foreign exchange rates"
"25% of male total AWE commitment","AS","CBMS-R Mapping","1029"
"25% of male total AWE commitment","AS","disabled","Y"
"25% of male total AWE commitment","AA","CBMS","25% of male total AWE commitment"
"Changes in interest or foreign exchange rates","AS","CBMS-R Mapping","1008"
"Changes in interest or foreign exchange rates","AS","disabled","Y"
"Changes in interest or foreign exchange rates","AA","CBMS","Changes in interest or foreign exchange rates"
"PDI Changes","AS","CBMS-R Mapping","1009"
"PDI Changes","AS","disabled","Y"
"PDI Changes","AA","CBMS","PDI Changes"
"Changes in beneficiary numbers excluding unemployment","AS","CBMS-R Mapping","1011"
"Changes in beneficiary numbers excluding unemployment","AS","disabled","Y"
"Changes in beneficiary numbers excluding unemployment","AA","CBMS","zz_[DO NOT USE] Changes in beneficiary numbers excluding unemployment"
"Change in beneficiary composition or average rates","AS","CBMS-R Mapping","1011"
"Change in beneficiary composition or average rates","AS","disabled","Y"
"Change in beneficiary composition or average rates","AA","CBMS","zz_[DO NOT USE] Change in beneficiary composition or average rates"
"Program specific - beneficiary or rate changes","AS","CBMS-R Mapping","1011"
"Program specific - beneficiary or rate changes","AS","disabled","Y"
"Program specific - beneficiary or rate changes","AA","CBMS","Program specific - beneficiary or rate changes"
"Program specific - other","AS","CBMS-R Mapping","1012"
"Program specific - other","AS","disabled","Y"
"Program specific - other","AA","CBMS","Program specific - other"
"Borrowings","AS","CBMS-R Mapping","1029"
"Borrowings","AS","disabled","Y"
"Borrowings","AA","CBMS","zz_[DO NOT USE] Borrowings"
"Equity Injections","AS","CBMS-R Mapping","1029"
"Equity Injections","AS","disabled","Y"
"Equity Injections","AA","CBMS","zz_[DO NOT USE] Equity Injections"
"Application of efficiency dividend","AS","CBMS-R Mapping","1015"
"Application of efficiency dividend","AS","disabled","Y"
"Application of efficiency dividend","AA","CBMS","Application of efficiency dividend"
"Receipts from independent sources","AS","CBMS-R Mapping","1042"
"Receipts from independent sources","AS","disabled","Y"
"Receipts from independent sources","AA","CBMS","zz_[DO NOT USE] Receipts from independent sources"
"Approved movement of funds between years","AS","CBMS-R Mapping","1018"
"Approved movement of funds between years","AS","disabled","Y"
"Approved movement of funds between years","AA","CBMS","Approved movement of funds between years"
"Movement of administered funds between years","AS","CBMS-R Mapping","1018"
"Movement of administered funds between years","AS","disabled","Y"
"Self balancing transfers between same year","AS","CBMS-R Mapping","1019"
"Self balancing transfers between same year","AS","disabled","Y"
"Self balancing transfers between same year","AA","CBMS","Self balancing transfers between same year"
"Section 32 Transfers","AS","CBMS-R Mapping","1020"
"Section 32 Transfers","AS","disabled","Y"
"Section 32 Transfers","AA","CBMS","Section 32 Transfers"
"Eliminations","AS","CBMS-R Mapping","1021"
"Eliminations","AS","disabled","Y"
"Eliminations","AA","CBMS","Eliminations"
"Changes/Restatement of Opening Balances","AS","CBMS-R Mapping","1022"
"Changes/Restatement of Opening Balances","AS","disabled","Y"
"Changes/Restatement of Opening Balances","AA","CBMS","Changes/Restatement of Opening Balances"
"Creation of the New 3rd Forward Year Estimates'","AS","CBMS-R Mapping","1033"
"Creation of the New 3rd Forward Year Estimates'","AS","disabled","Y"
"Creation of the New 3rd Forward Year Estimates'","AA","CBMS","Creation of the New 3rd Forward Year Estimates"
"Competitive neutrality","AS","CBMS-R Mapping","1029"
"Competitive neutrality","AS","disabled","Y"
"Competitive neutrality","AA","CBMS","zz_[DO NOT USE] Competitive neutrality"
"Provisional Estimate","AS","CBMS-R Mapping","1029"
"Provisional Estimate","AS","disabled","Y"
"Provisional Estimate","AA","CBMS","zz_[DO NOT USE] Provisional Estimate"
"Other","AS","CBMS-R Mapping","1029"
"Other","AS","disabled","Y"
"Other","AA","CBMS","zz_[DO NOT USE] Other"
"Other variations not elsewhere defined","AS","CBMS-R Mapping","1029"
"Other variations not elsewhere defined","AS","disabled","Y"
"Other variations not elsewhere defined","AA","CBMS","Other variations not elsewhere defined"
"Other changes in program specific parameters","AS","CBMS-R Mapping","1012"
"Other changes in program specific parameters","AS","disabled","Y"
"27th Period","AS","CBMS-R Mapping","1029"
"27th Period","AS","disabled","Y"
"27th Period","AA","CBMS","zz_[DO NOT USE] 27th Period"
"Departmental Capital Budget (DCB) - Temporary Adjustments","AS","CBMS-R Mapping","1029"
"Departmental Capital Budget (DCB) - Temporary Adjustments","AS","disabled","Y"
"Departmental Capital Budget (DCB) - Temporary Adjustments","AA","CBMS","zz_[DO NOT USE] Departmental Capital Budget (DCB) - Temporary Adjustments"
"Related Entity","AS","CBMS-R Mapping","1034"
"Related Entity","AS","disabled","Y"
"Related Entity","AA","CBMS","zz_[DO NOT USE] Related Entity"
"sys_Rep Parameters and FE3","AA","CBMS","Total Parameters, ED and FE3 Reason Codes"
"sys_Rep Parameters and FE3","AA","CBMS code and description","Total Parameters, ED and FE3 Reason Codes"
