"001","AA","AE Stage Description","2020-2021 Pre-ERC"
"002","AA","AE Stage Description","2020-2021 Economic Update"
"003","AA","AE Stage Description","2020-2021 Budget"
"004","AA","AE Stage Description","2021-2022 MYEFO"
"005","AA","AE Stage Description","2021-2022 Pre-ERC"
"006","AA","AE Stage Description","2021-2022 Budget"
"007","AA","AE Stage Description","2022-2023 MYEFO"
"008","AA","AE Stage Description","2022-2023 Additional Estimates"
"009","AA","AE Stage Description","2022-2023 Budget"
"010","AA","AE Stage Description","2022-2023 Budget(2)"
"011","AA","AE Stage Description","2023-2024 MYEFO"
"012","AA","AE Stage Description","2023-2024 Budget"
"013","AA","AE Stage Description","2024-2025 MYEFO"
"014","AA","AE Stage Description","2024-2025 Pre-ERC"
"015","AA","AE Stage Description","2024-2025 Budget"
"016","AA","AE Stage Description","2025-2026 MYEFO"
